first_name,middle_name,last_name,email,username,password,student_id,course_id,year
Anselma,McMearty,Brosnan,abrosnan0@smh.com.au,abrosnan0,mW6=3fQM@K|p,96796401,1,2
Tania,Antoniottii,Verity,tverity1@dmoz.org,tverity1,fG4~0Hu3mxXLFEM,46272638,3,2
Amanda,Nucator,Barrell,abarrell2@freewebs.com,abarrell2,gC2~9$jf.&m,62162356,3,4
Kaitlynn,Piscopo,Draycott,kdraycott3@blogspot.com,kdraycott3,sI8~|(oPV,14543477,2,4
Josh,Sterman,Giuroni,jgiuroni4@163.com,jgiuroni4,nV6/=Sq1,69950782,3,3
Lolly,Milmore,Ginni,lginni5@usa.gov,lginni5,dD9=Qh})g,70759748,2,3
Torrey,Gudger,Addionisio,taddionisio6@dropbox.com,taddionisio6,lB1.r(t{/hA9,91795555,1,2
Catrina,Warke,Anney,canney7@constantcontact.com,canney7,tC3_)N{B,89395796,3,3
Raimund,Sommerled,Flea,rflea8@cdc.gov,rflea8,oW2+ObJ}r>&<\M@,31138692,3,2
Siusan,Bermingham,Saipy,ssaipy9@sfgate.com,ssaipy9,dG1+YI+.8ch|p,45562388,1,1
Louie,Kintzel,Cissell,lcissella@mac.com,lcissella,oL1!Or_rRCl,19986339,3,1
Nancee,Boissier,Cuddehay,ncuddehayb@zimbio.com,ncuddehayb,vI9*U3K5TN7g1,44475020,2,3
Kathleen,Tamas,Thorne,kthornec@nydailynews.com,kthornec,zI0#fj9P,94361152,2,2
Rudie,Iacapucci,O@Hannen,rohannend@quantcast.com,rohannend,vF7\+Yq9pg@,67478541,2,2
Kimberlee,Takis,Donet,kdonete@marriott.com,kdonete,vF0<)8CI9fq!a,32719245,1,2
Harrie,Moppett,Piotr,hpiotrf@ebay.com,hpiotrf,nV1`WVRNp(,90357112,2,2
Farrel,Ogilvie,Lomath,flomathg@unc.edu,flomathg,jG0(f2%op$}g~a,26569225,1,2
Fax,Bramsom,Huncoot,fhuncooth@icq.com,fhuncooth,lN3!8?86r,77311235,2,2
Grannie,Ambrozik,Mullen,gmulleni@privacy.gov.au,gmulleni,fJ7(#uxg9<bn|e(,16036451,2,4
Courtnay,Kosiada,Gagg,cgaggj@instagram.com,cgaggj,iZ0@UzNu~>D!ua|,68184844,3,3
Gardy,Milsom,Themann,gthemannk@bluehost.com,gthemannk,rN7={qK9%,66413408,1,3
Dell,Kennsley,Aujouanet,daujouanetl@paginegialle.it,daujouanetl,pV0{(Ov<U|V#=,38036141,2,2
Cassie,Horbart,Leverson,cleversonm@trellian.com,cleversonm,rE6\~g@jyiWUmy(,56059341,1,4
Jasmina,Keniwell,Selwin,jselwinn@bravesites.com,jselwinn,aP6|h=Rv4|kN6NN,77305974,2,2
Byran,Littley,O@Shavlan,boshavlano@nasa.gov,boshavlano,bK5=clhD@kKOluf,18553168,3,4
Shaylyn,Jaffra,Pitrasso,spitrassop@cpanel.net,spitrassop,bY6=|B.Msb,30492755,1,2
Ira,Yurshev,Danskine,idanskineq@g.co,idanskineq,xN6+8}/aF9d,15372165,2,4
Dorri,Coughlin,Penley,dpenleyr@shareasale.com,dpenleyr,eO2_6))W1kvdr+,71719944,1,4
Peder,Abbati,Ambrodi,pambrodis@imageshack.us,pambrodis,kC2>d4+.cYUt,77685416,1,2
Caesar,Oldridge,Cullrford,ccullrfordt@netlog.com,ccullrfordt,hN2.QWfd0,49222723,2,3
Ewart,Rosenauer,Robertacci,erobertacciu@ftc.gov,erobertacciu,fP4>nkA/,97777360,3,4
Salmon,Bradnock,Eddicott,seddicottv@shop-pro.jp,seddicottv,yO4+i0eKz,92727021,3,1
Osbert,Dewitt,Gronow,ogronoww@liveinternet.ru,ogronoww,bV4.>|8T7\,28411299,3,4
Scott,Aspenlon,Cracker,scrackerx@yolasite.com,scrackerx,lP6&%@G!KOnxp|f,15790794,2,3
Claudelle,Paroni,Trowill,ctrowilly@hexun.com,ctrowilly,nV7~D{>BDsd,33832526,3,4
Davide,Scowcraft,Ghio,dghioz@soup.io,dghioz,sX0\_%2~_},97011907,1,1
Eilis,Petche,Mar,emar10@nih.gov,emar10,xZ0%#LSRYo3J,95807568,1,1
Trish,Lunn,Arnauduc,tarnauduc11@wired.com,tarnauduc11,vH2&Zat3m<>,34775725,1,4
Giselbert,Yaknov,Lapham,glapham12@addtoany.com,glapham12,gZ3@tX*z6*Nx,85664257,3,3
Clifford,Gummie,Goricke,cgoricke13@state.gov,cgoricke13,zT0{a&tAZIrY|s,28496097,2,1
Wini,Gresley,Gregan,wgregan14@paypal.com,wgregan14,zT1~5eyAS|5wZdH,76223813,3,3
Bjorn,Tisor,Bridge,bbridge15@studiopress.com,bbridge15,oS4`V}ho,69797939,2,4
Hephzibah,Dewhurst,Morey,hmorey16@myspace.com,hmorey16,mW9|+u5S\jW,89391798,2,4
Lorrie,Teacy,Kopfen,lkopfen17@admin.ch,lkopfen17,dB9_/jF5,20186147,2,3
Merridie,MacGorman,Roughsedge,mroughsedge18@fastcompany.com,mroughsedge18,pE4>h?0Aip<m$E,51073081,1,4
Mord,Joppich,Mahony,mmahony19@drupal.org,mmahony19,bP7%9#~@_A,41019174,2,2
Cory,Nibley,Heiner,cheiner1a@wikia.com,cheiner1a,iZ8(Fx./Xg,48594315,3,2
Udell,Mewhirter,Ivison,uivison1b@dailymotion.com,uivison1b,dN7/s.dU6#>w@1,16495687,2,2
Josefa,Petyanin,St Ledger,jstledger1c@pen.io,jstledger1c,sY8@7Jvqu+!~,14889529,2,1
Alvera,Wesker,Minto,aminto1d@cocolog-nifty.com,aminto1d,yJ8%k3PGo@},99077654,1,3
Leslie,Haynesford,Mehaffey,lmehaffey1e@opera.com,lmehaffey1e,dG0|mcBjbT&c9,85074194,1,2
Lacey,Alcido,Mottram,lmottram1f@hud.gov,lmottram1f,yE5`fc#~).Gg,50451764,3,3
Margi,Rolph,Harraway,mharraway1g@ifeng.com,mharraway1g,tB3!*5>hV!,80269729,1,3
Lissa,Luchetti,Dinse,ldinse1h@artisteer.com,ldinse1h,fR0)\c0VYDZUX,99717345,2,2
Paige,Sellors,Oppery,poppery1i@dropbox.com,poppery1i,qO8\1AHT7(0I2gr,57051987,3,1
Rona,Wilson,Eastham,reastham1j@upenn.edu,reastham1j,oG5!9/2@+.ssB+,13039325,3,4
Catriona,Planke,De Vile,cdevile1k@weather.com,cdevile1k,lI0\$IM/UF4aQP,71102368,3,2
Osmond,Crookshank,Gohn,ogohn1l@marriott.com,ogohn1l,gB4>3=SZ,28092757,3,4
Bird,Pesic,Reppaport,breppaport1m@angelfire.com,breppaport1m,zK0#2riY,70437791,1,1
Gery,McLugaish,Nuccii,gnuccii1n@joomla.org,gnuccii1n,pG6)Wve_K,18314881,1,3
Gerek,Wildash,D@Agostini,gdagostini1o@diigo.com,gdagostini1o,kB7/7UQ!,88980801,3,4
Terry,Dameisele,Extence,textence1p@51.la,textence1p,wC5@gaU.P,31897485,2,4
Belita,Moggach,Thackham,bthackham1q@yelp.com,bthackham1q,dZ2%}8(MuW|,99697616,2,3
Bernadina,Lipyeat,Jepperson,bjepperson1r@indiatimes.com,bjepperson1r,bS3}}UG`,69578529,3,3
Corly,Wiper,Lemmanbie,clemmanbie1s@mtv.com,clemmanbie1s,wP8/83n.p\Mc,23109550,1,2
Curtice,Labon,Danford,cdanford1t@loc.gov,cdanford1t,hS9<dHcQ&$+hOd7,79902109,2,4
Emory,Ebbs,Martinetto,emartinetto1u@ca.gov,emartinetto1u,eC7_p)@h&S`42|,41226154,3,2
Dixie,Poland,Chater,dchater1v@reference.com,dchater1v,uM8{l)AE_p$D8lL,68767294,1,1
Corny,Buffy,Cokely,ccokely1w@dropbox.com,ccokely1w,oB1/B{1|0~%{9lj,47175024,2,2
Beverie,Clunan,Shawell,bshawell1x@techcrunch.com,bshawell1x,zQ6/6W2dWwD),60885338,1,2
Justina,Menure,Sharvill,jsharvill1y@alibaba.com,jsharvill1y,qG9)%f_EO<IX,21429976,1,1
Ernest,Cuthbertson,Ganniclifft,eganniclifft1z@springer.com,eganniclifft1z,bN8~Kx@0XQB,20285393,3,2
Darla,Jillett,Murfin,dmurfin20@studiopress.com,dmurfin20,eN2\6|J\E~R4,90982482,1,2
Kaleb,Bonnette,Ayars,kayars21@pcworld.com,kayars21,sY8+|qQa`dW1)i,88508062,3,4
Deane,Wadesworth,Strongman,dstrongman22@nydailynews.com,dstrongman22,oQ2@ARA5z,16849998,1,4
Sandye,Lewin,McPeeters,smcpeeters23@nature.com,smcpeeters23,cH6#I#q7D5,78608034,2,3
Ashley,Meegan,Chang,achang24@rediff.com,achang24,wE6}|)VYvCER,46718543,1,2
Benni,Dabes,Spight,bspight25@businessinsider.com,bspight25,rF8|azrU6+,83445031,2,3
Marian,Jurick,Tockell,mtockell26@google.de,mtockell26,fI0~xO|~,91580729,3,2
Bendick,Gatland,Houlston,bhoulston27@patch.com,bhoulston27,iN9|h.0dNw<},26962424,2,3
Bondie,Idney,Lait,blait28@google.cn,blait28,hI2=?mNgTi91..,48182258,3,4
Tam,Atterley,Skinley,tskinley29@buzzfeed.com,tskinley29,hS9_m5g{{|M7),18895669,3,1
Jasmine,Fayers,Bathoe,jbathoe2a@cargocollective.com,jbathoe2a,rU3}hZP\,73361800,2,4
Reiko,Gocke,Thomke,rthomke2b@jimdo.com,rthomke2b,pT8|+p8N/,19207556,1,3
Justinian,Tolputt,Daville,jdaville2c@slate.com,jdaville2c,nB1!b07d10q+aE!,38716441,1,4
Hayden,Exall,Stannering,hstannering2d@nba.com,hstannering2d,vV2\h>q/`UlaJhh,16103135,1,1
Marlo,Epdell,Spira,mspira2e@ftc.gov,mspira2e,yJ2>)sUJ&,15133774,2,2
Venita,Gun,Mc Meekan,vmcmeekan2f@smh.com.au,vmcmeekan2f,gS0)boHe!x}OHR,35843185,3,3
Jarrod,Woodman,Golling,jgolling2g@cbsnews.com,jgolling2g,cS4)~=z@I2~V`,79517744,3,2
Berri,Lidell,Izkovici,bizkovici2h@cocolog-nifty.com,bizkovici2h,fD1@lYcW1|o.`*C,94029391,3,1
Jacquetta,Potteril,Scading,jscading2i@walmart.com,jscading2i,fV3?txTa}?hd&WS,61070053,3,4
Candra,Hardman,Hegg,chegg2j@fda.gov,chegg2j,xJ5}SNQC\zE,32982249,2,2
Adamo,Billo,Kilvington,akilvington2k@deliciousdays.com,akilvington2k,fR7_E*t>WG%C5#3,52413428,3,1
Joy,Cranmere,Tyler,jtyler2l@deliciousdays.com,jtyler2l,dM8>>CHRjNyUq<p,60165714,3,1
Gauthier,Clemmen,Cuer,gcuer2m@typepad.com,gcuer2m,wN2?>?@Y9`@@e,88499421,1,4
Aymer,Gettone,Klus,aklus2n@bigcartel.com,aklus2n,hF6|bkSjl3\@%yw,69989310,2,1
Germayne,Pettiford,Cron,gcron2o@yahoo.com,gcron2o,iK3.khmAW.|xg,72066063,2,3
Minor,Iddiens,Wartnaby,mwartnaby2p@spotify.com,mwartnaby2p,uP9!{.mzCNimf,14047318,2,1
Dicky,Charteris,Seabrook,dseabrook2q@vimeo.com,dseabrook2q,gM2.q*K_S9KEOgH,48557298,1,2
Gates,Housecroft,Culkin,gculkin2r@gizmodo.com,gculkin2r,zG4_&&89jQkS%,61956917,2,1
Zane,Storrah,Wing,zwing2s@over-blog.com,zwing2s,oA5@G@9`y,18505483,1,3
Harlan,Edmands,Forge,hforge2t@google.cn,hforge2t,tH1.wt.Csl<,30832461,3,1
Philippine,Cescoti,Robillart,probillart2u@vimeo.com,probillart2u,zJ2.(R@gbrX3>,30789218,3,2
Josiah,Kettleson,Ibarra,jibarra2v@ebay.co.uk,jibarra2v,zU6\.s#\,56194319,1,1
Bebe,Gorring,Wandrack,bwandrack2w@buzzfeed.com,bwandrack2w,mS1@>sBfzu/YCYW,89802333,1,2
Care,Lubbock,Hardi,chardi2x@w3.org,chardi2x,nD0(0K)WKbuA=e,90615677,2,3
Emelia,Garric,Ledrun,eledrun2y@newyorker.com,eledrun2y,aO8+MIp$8@w>f4,32108139,1,2
Alison,Firidolfi,Jeaves,ajeaves2z@adobe.com,ajeaves2z,lR7\>eU.@6~kIw!,58033436,3,2
Georgine,Georg,Seary,gseary30@phpbb.com,gseary30,vE7))V7_QW>qCt,41340794,1,2
Fidelio,Finding,Phelips,fphelips31@sitemeter.com,fphelips31,cQ2<9tFgIE,11035518,3,4
Maria,Packington,Wardrope,mwardrope32@tiny.cc,mwardrope32,dX1>PJdRi!,56770580,2,3
Dorian,Lippi,Vasilyevski,dvasilyevski33@rediff.com,dvasilyevski33,sE3=@)NpxB#,73282933,1,3
Elbert,Lukas,Thombleson,ethombleson34@yelp.com,ethombleson34,xY4@?0#B,42700852,2,1
Kit,Tibbetts,Harlow,kharlow35@google.com.hk,kharlow35,dM5$Z\pJzS?Xp,41239310,3,4
Jerrome,Kullmann,Galpin,jgalpin36@engadget.com,jgalpin36,lM4>~G|{`qhjL,17596113,2,4
Geralda,Clew,Henningham,ghenningham37@blogs.com,ghenningham37,wH7|8+ks$,93655977,2,3
Dara,Extall,Pagin,dpagin38@rakuten.co.jp,dpagin38,wQ8?d|Fnn1Be4+w,89227561,1,3
Matty,Fannon,Gregine,mgregine39@amazon.com,mgregine39,aN1&kX|6g,91034889,3,2
Laure,Ambrogetti,de Quesne,ldequesne3a@japanpost.jp,ldequesne3a,dU7_+X*bZ\,59419302,3,2
Bari,Guillem,Churn,bchurn3b@wufoo.com,bchurn3b,vC1`_*fKl|md,10849185,3,3
Carla,Peterkin,Duignan,cduignan3c@pinterest.com,cduignan3c,aW0=L!KN=$.oFz,90006146,3,2
Danette,Bauldrey,Oxlade,doxlade3d@answers.com,doxlade3d,iH7`op0\,35006110,1,3
Bram,Prier,Rainford,brainford3e@omniture.com,brainford3e,pC1}L5\f,46084150,3,1
Freeland,Norrey,Heggison,fheggison3f@canalblog.com,fheggison3f,uT8\iJW9@b@sL|,64603564,3,1
Kerianne,Berzons,Busby,kbusby3g@cnet.com,kbusby3g,zU5.\TL!Ac24BUQ,97951204,1,2
Stacy,Paszak,Island,sisland3h@mysql.com,sisland3h,fD5?{XOZ@RqD,81445517,1,3
Jana,Hardistry,Chazette,jchazette3i@ucoz.com,jchazette3i,bJ0{H/{&(Y0},72150366,2,1
Eamon,Clemson,Faill,efaill3j@hubpages.com,efaill3j,cB0`b#Uv{|DbR3,53005972,3,1
Tully,Flay,Fagan,tfagan3k@about.me,tfagan3k,cH4)Ny3@b,94054400,3,2
Zebulen,Mannering,Kynman,zkynman3l@ucsd.edu,zkynman3l,tN4@3}/Vcjr33,86733932,3,2
Gale,Cuerdale,Buick,gbuick3m@amazon.com,gbuick3m,kE6@w#juSiYOTv+,67002443,1,2
Pepita,Burness,Forshaw,pforshaw3n@squidoo.com,pforshaw3n,zP1+v@w1Lpmt7>d,98543494,1,4
Briggs,Claworth,Maso,bmaso3o@vinaora.com,bmaso3o,uB6%Em~2XP,43392883,2,4
Hendrick,Franseco,Vasyanin,hvasyanin3p@meetup.com,hvasyanin3p,wD4+gkrHNQOA+uJ,10919291,1,1
Kordula,Van Brug,Lamplough,klamplough3q@usa.gov,klamplough3q,rT4|#z~e@CC6PW{,34509918,2,4
Jed,De Bruyne,Madison,jmadison3r@oaic.gov.au,jmadison3r,dK5/Q~f5*Y@W2,38729046,3,3
Freddie,Hurche,Hitzke,fhitzke3s@chron.com,fhitzke3s,wV3$?@y|,38959471,2,1
Alexandro,Illes,Croxall,acroxall3t@example.com,acroxall3t,tH2@`n#{$RvloS4,23588625,1,4
Alister,Vickors,Pritchitt,apritchitt3u@imageshack.us,apritchitt3u,hV5%8&`S\!MJau,22979198,2,4
Thorvald,Giovannelli,Cumber,tcumber3v@studiopress.com,tcumber3v,rO3|dhRq|e84J%i,22833657,1,3
Glen,McCard,Finneran,gfinneran3w@twitpic.com,gfinneran3w,xV5/6D*!A/v!J,75290773,3,4
Salim,Perel,Deamer,sdeamer3x@europa.eu,sdeamer3x,pY0=%N@M2cvyI,94022397,3,1
Gerard,Dunsmuir,Luckham,gluckham3y@sina.com.cn,gluckham3y,aW3*XWv0{M6KxC,22718439,1,3
Rosalynd,Girardez,Rainford,rrainford3z@irs.gov,rrainford3z,cN9+|t&wa/,25914171,3,3
Yves,Kinset,Dikelin,ydikelin40@usda.gov,ydikelin40,aI2<I89rD=F},94250468,1,2
Uta,Bygate,Vasilischev,uvasilischev41@craigslist.org,uvasilischev41,dY2$9s)~mgf\dVB,88102331,2,1
Diana,Rathmell,Ruspine,druspine42@cbsnews.com,druspine42,vN1&pi2Emsv,73109473,1,2
Alleen,Billson,Rodie,arodie43@friendfeed.com,arodie43,pS1(kw4h8ezJbE0,18989523,1,2
Prentice,Collocott,Quilliam,pquilliam44@gnu.org,pquilliam44,wB6}YIRI_DR8OQ.,61393355,1,3
Belle,Elgar,Meaking,bmeaking45@plala.or.jp,bmeaking45,oT4)6MaD\wzn5l,20209631,1,2
Leslie,Melbert,Pennrington,lpennrington46@ifeng.com,lpennrington46,kE5?sDeW,79931893,3,2
Xavier,Jacobi,Dikes,xdikes47@seattletimes.com,xdikes47,wW6?#xt(,31958236,3,2
Smitty,Slowly,Mulloch,smulloch48@google.es,smulloch48,dV7/fl\6L$ZQ8$),15325150,3,3
Marris,Scoffins,Braidman,mbraidman49@japanpost.jp,mbraidman49,fD4|ML#L,74875403,2,3
Avril,Bande,Fosbraey,afosbraey4a@bbc.co.uk,afosbraey4a,kV1`IA\m|F`+t,44287163,1,3
Lucina,Morrid,Bows,lbows4b@economist.com,lbows4b,yK7.rYD{cwHJ3(r,72879066,1,4
Anet,Tutsell,Veeler,aveeler4c@springer.com,aveeler4c,pN8{TQvLG<,57279634,3,3
Jeddy,Dilley,Gurery,jgurery4d@spiegel.de,jgurery4d,tG2#8\fHc91(O{,39991769,3,4
Jorey,Sandford,Shrubb,jshrubb4e@house.gov,jshrubb4e,qS3$7.V@0ALQX/,49740719,3,4
Roman,Devennie,Swinnerton,rswinnerton4f@newyorker.com,rswinnerton4f,dS5@/9qE?WM,11319324,2,4
Cilka,Suckling,Gatlin,cgatlin4g@washingtonpost.com,cgatlin4g,wG2|)Y$/,73524976,1,4
Riva,Rasher,McDonogh,rmcdonogh4h@php.net,rmcdonogh4h,bH7%Iwg|qm)|Iul,83784607,1,2
Standford,Labbett,Broy,sbroy4i@amazon.co.uk,sbroy4i,rN7!>96V5F,58559815,2,2
Jody,Weber,Romke,jromke4j@theglobeandmail.com,jromke4j,wY1}ZR|8#,14636140,2,2
Patten,Gristwood,Smorfit,psmorfit4k@smh.com.au,psmorfit4k,tS3%4w5=AS%.F+o,64832459,2,4
Tomi,Jamrowicz,Busfield,tbusfield4l@nature.com,tbusfield4l,jZ5@*PM3$?4<2?g,41866647,3,2
Massimo,Coatham,Winfindale,mwinfindale4m@tumblr.com,mwinfindale4m,aC7~6LzuNclzI4U,73427423,3,3
Quintin,Hachard,McConnell,qmcconnell4n@wikipedia.org,qmcconnell4n,uE2@fK2@V,54756218,1,4
Darrell,Balden,Mazillius,dmazillius4o@google.de,dmazillius4o,fI1`3n2zB7$,72509069,3,2
Morgun,Snelman,Rulf,mrulf4p@europa.eu,mrulf4p,uH5&u)a3X>i9~I,62110589,2,3
Annecorinne,Devenny,Broomfield,abroomfield4q@smugmug.com,abroomfield4q,bW3{Sd4u}Ymn,92349905,3,1
Tina,Starkie,Sangra,tsangra4r@google.ca,tsangra4r,nX7.oanqc4,56188382,1,2
Zuzana,Gulberg,Bowes,zbowes4s@tripod.com,zbowes4s,eS2&E&6+r_5da+,82160454,3,4
Robena,Marsland,McCurlye,rmccurlye4t@hatena.ne.jp,rmccurlye4t,dE1<1C$+ay%p,34414480,1,1
Charmian,Lunny,Muckloe,cmuckloe4u@apache.org,cmuckloe4u,rJ4!Isd%>P,61504136,1,1
Dasie,Dairton,Bondy,dbondy4v@forbes.com,dbondy4v,dJ7>\2BhgSo_,19207113,2,4
Cybill,Kores,Eake,ceake4w@forbes.com,ceake4w,oU1(Mw7|l9+Z$.&,30300459,2,1
Eliot,Morley,Filippucci,efilippucci4x@msu.edu,efilippucci4x,dZ9?E|wuG}7,87955373,1,4
Morty,Byrcher,Gibberd,mgibberd4y@liveinternet.ru,mgibberd4y,uB0+mddf|C~,29405876,3,2
Janenna,Lonie,Challoner,jchalloner4z@wired.com,jchalloner4z,hW4)j.uLc`)B,20048434,1,1
Jerald,Gier,Corless,jcorless50@dmoz.org,jcorless50,qW8!!Zml$Io,54675182,3,3
Ainslee,Coultish,Seth,aseth51@theatlantic.com,aseth51,vY9%latO/x0.tM2,25210368,1,4
Agneta,Drewery,Passion,apassion52@freewebs.com,apassion52,wR2/Q1mUh,46591375,3,3
Lyda,Meigh,Enticott,lenticott53@opera.com,lenticott53,iT0.xCKG6p4,58253269,1,4
Ethelind,Edmunds,Arnaudot,earnaudot54@walmart.com,earnaudot54,bW4@X`%A/aD2rk*,73018164,1,3
Carlotta,Vaskov,Bemand,cbemand55@redcross.org,cbemand55,cN6?@k\I),37792922,3,1
Johannes,Habbes,Hollingby,jhollingby56@fastcompany.com,jhollingby56,fY9!3B0bmo,28524312,3,4
Salvidor,Pala,Malone,smalone57@ocn.ne.jp,smalone57,uU5{u<1xOq@2.h!,60234589,1,2
Sheila-kathryn,Vanetti,Ferriman,sferriman58@comcast.net,sferriman58,wC9}y~yoG@@PhH.,37371600,3,3
Lucian,Pauler,Cornil,lcornil59@goo.gl,lcornil59,jG4!\?za?p,50061256,2,3
Yorke,Well,Ary,yary5a@nih.gov,yary5a,gQ5@WpnG,76640626,3,3
Cello,Robinette,Yegorchenkov,cyegorchenkov5b@a8.net,cyegorchenkov5b,vO7_p)w#P1S@Njt,38311727,3,1
Roarke,Dodshon,Seden,rseden5c@ihg.com,rseden5c,pT5|.NA|YQd%EKy,28188130,2,1
Robena,Bignell,Jedrys,rjedrys5d@ted.com,rjedrys5d,wM1`)34@@$j9NMC,54638565,3,3
Maridel,Spinelli,Glover,mglover5e@google.com.hk,mglover5e,uV7!N.4w,82924066,2,3
Sammy,Masic,Skaife,sskaife5f@myspace.com,sskaife5f,mO8.5p4$)xZ`v9,13816359,1,1
Debor,Ruffler,O@Gavin,dogavin5g@google.nl,dogavin5g,zT4$}$#M+@,96379745,2,4
Mathew,Aspland,Nethercott,mnethercott5h@jimdo.com,mnethercott5h,fV0!iC))#Rg(xB,73498507,1,3
Terrell,Coule,Simkin,tsimkin5i@privacy.gov.au,tsimkin5i,vR5&y#9.V,30922980,3,3
Susannah,Waterhouse,Napier,snapier5j@sakura.ne.jp,snapier5j,oM1\>T43R>B1%,78695775,1,2
Cesar,Sterndale,Pitbladdo,cpitbladdo5k@opensource.org,cpitbladdo5k,pN0)Au@H|msR,66692615,1,3
Rosalind,Pennazzi,Duling,rduling5l@angelfire.com,rduling5l,vJ7%vo7vQE,39540318,1,1
Yolane,Jonke,Tellwright,ytellwright5m@goo.ne.jp,ytellwright5m,oG3>O}&4N{uF_h,20328396,2,1
Marnia,Gibb,McKean,mmckean5n@blogspot.com,mmckean5n,fX7\c@z2R0m%@Q,24894028,2,3
Jarred,Dearlove,Frangleton,jfrangleton5o@go.com,jfrangleton5o,pG5_ldE|<(Wn,20688237,1,1
Jerome,Skyme,Lenchenko,jlenchenko5p@mozilla.com,jlenchenko5p,jT2(%~Xr($U),90382190,3,3
Krystle,Boarer,Roots,kroots5q@issuu.com,kroots5q,cF7)&6}q)h|W,32490050,3,2
Donnie,Kloska,Platfoot,dplatfoot5r@psu.edu,dplatfoot5r,wH3+a@J)%<FBA,10284181,1,4
Clark,Tsar,Filby,cfilby5s@nationalgeographic.com,cfilby5s,fU6$~GIunF$nYa,85715678,2,4
Eugenius,Gouldbourn,Grealish,egrealish5t@github.io,egrealish5t,zK9.gj42,18872853,1,1
Bart,Meese,Temblett,btemblett5u@dion.ne.jp,btemblett5u,sN4%M`IsE!{4f1),63331445,2,3
Lodovico,Conkey,Aitken,laitken5v@sitemeter.com,laitken5v,nD0}D.L&,58095068,1,2
Tove,D@Antonio,Snowling,tsnowling5w@intel.com,tsnowling5w,kJ7<Py.~l3*7r+%,87020268,2,2
Ashlan,Klee,Martensen,amartensen5x@usatoday.com,amartensen5x,hP9>JMy)_J@k!=J,63400113,1,2
Arny,Van Brug,Isack,aisack5y@state.gov,aisack5y,eC1%|f_@V@v|+e,23488923,2,1
Mirella,Gerber,Scotchbrook,mscotchbrook5z@eventbrite.com,mscotchbrook5z,hU7/Sl+BY%U95X(,81830430,2,1
Clerkclaude,Orcott,Weeks,cweeks60@chron.com,cweeks60,xH0.LfPG3$_Risd,54137399,2,2
Penny,Dealey,Ritch,pritch61@furl.net,pritch61,oS4)\?Cm,36575872,1,3
Stevie,von Hagt,Kretchmer,skretchmer62@google.pl,skretchmer62,hC4#tD~K/8`Uy%v,30584738,3,1
Kennett,Lavin,Willingham,kwillingham63@slashdot.org,kwillingham63,yI6<kJLf>SOE9r,15512598,3,2
Ruggiero,Turle,Cutmore,rcutmore64@slashdot.org,rcutmore64,uJ3%JvLNPr,76103476,3,2
Basil,Fanner,MacCallester,bmaccallester65@npr.org,bmaccallester65,eI5@aj7!\,66850160,1,3
Archie,Lassell,Bygate,abygate66@yellowpages.com,abygate66,aW7`PUpy+??,48569476,2,4
Reena,Reddell,Bonin,rbonin67@ucla.edu,rbonin67,pB9>I8Q6r`,31820744,3,1
Tiphanie,Bentz,Mortel,tmortel68@bing.com,tmortel68,oG8@7NCccR$lPVJ,66291863,2,4
Janet,Lowre,McGrath,jmcgrath69@shutterfly.com,jmcgrath69,vD9|++x=Mxjin&,31280851,3,1
Brandi,Loker,McWilliam,bmcwilliam6a@google.co.jp,bmcwilliam6a,aB4_tQ1lo.l@`#,86074405,1,2
Angelina,Skippen,Giffin,agiffin6b@g.co,agiffin6b,dR5@2+g/MGc,41110600,2,2
Crysta,Weich,Konzelmann,ckonzelmann6c@networkadvertising.org,ckonzelmann6c,lW3/O@bm6EJi,41046608,1,1
Rachel,Bogeys,Simonini,rsimonini6d@1688.com,rsimonini6d,cB5!~&I{q8u,53173112,1,1
Renault,Coper,Kondratowicz,rkondratowicz6e@redcross.org,rkondratowicz6e,tT5%mv8Uoo=8/7,81997767,2,1
Ariadne,Mace,Tarply,atarply6f@yelp.com,atarply6f,cD8+@piFpN!,55796908,2,1
Stella,Cuningham,MacSherry,smacsherry6g@bluehost.com,smacsherry6g,qN5{o!ZLf8h|_.i,38297286,2,2
Beltran,Sever,Load,bload6h@jiathis.com,bload6h,bK1)@Xs)0~,45583281,2,1
Frankie,Brafferton,Duck,fduck6i@amazon.co.jp,fduck6i,vP4{dTR.gR,84412708,3,3
Tamiko,Kiehnlt,Meneghi,tmeneghi6j@cornell.edu,tmeneghi6j,wF8!NZuo.c$.,40026710,1,4
Natalina,Dod,Alf,nalf6k@sina.com.cn,nalf6k,wA1+Js/HTc,79480517,1,1
Dunstan,Siman,Lark,dlark6l@bbb.org,dlark6l,dI6_!0boN,72474675,3,4
Mikaela,Yuille,Tootell,mtootell6m@engadget.com,mtootell6m,qY5!#UHDg4?%>pA,67113991,1,1
Enrico,Fair,Trim,etrim6n@paginegialle.it,etrim6n,hK3)E&.@0,22057196,2,1
Jarrett,Tombling,Aymeric,jaymeric6o@accuweather.com,jaymeric6o,dH9{3ShSUuMzt2,88567758,3,4
Craggy,Royl,Lawty,clawty6p@alibaba.com,clawty6p,nD9@5<Y*4T80aH,10455369,3,4
Berkeley,Nyles,Prettejohns,bprettejohns6q@oracle.com,bprettejohns6q,rV9.6Vbfvnxak.C,18789842,1,4
Michaeline,Inglesant,Asipenko,masipenko6r@infoseek.co.jp,masipenko6r,xY6_1W|od>8,90194613,2,3
Noelyn,Gaymar,Cloke,ncloke6s@angelfire.com,ncloke6s,uM5`}hI8LLOy~iD,93498310,3,4
Inglis,Janes,Bettlestone,ibettlestone6t@mail.ru,ibettlestone6t,zG2@yQts}ng9vc,97442148,2,4
Helen-elizabeth,Pitrasso,Mabbs,hmabbs6u@dot.gov,hmabbs6u,wH2|PNPamL$gL,33938126,3,4
Delila,Churches,Clewes,dclewes6v@youtube.com,dclewes6v,hH0.3`f#S.9TEg~,33371204,2,3
Benedict,Barbrick,Jennrich,bjennrich6w@answers.com,bjennrich6w,hO2()@hcuU,52519317,3,3
Bertine,Figgess,Whettleton,bwhettleton6x@hp.com,bwhettleton6x,yS2!69=+l}*1xOf,96588255,1,1
Essie,Hillam,Pessolt,epessolt6y@wired.com,epessolt6y,tI5@0.{U0s01|D,12809458,2,1
Grissel,Loughren,Baselio,gbaselio6z@liveinternet.ru,gbaselio6z,mF8$JJ}x,88080969,1,2
Celisse,Blais,Bertelsen,cbertelsen70@mayoclinic.com,cbertelsen70,xG9{.TVl,62722564,1,2
Tricia,Hyatt,Dwelly,tdwelly71@deliciousdays.com,tdwelly71,dT0&zoof_x@1@G,61257291,2,4
Ezmeralda,Pasby,Beamond,ebeamond72@google.nl,ebeamond72,oD6!C6kHp7$Kb(k,18113897,3,2
Rozalie,Abreheart,Barkshire,rbarkshire73@ca.gov,rbarkshire73,sK3$5~xJ,72918938,2,1
Naoma,Towler,Klammt,nklammt74@hostgator.com,nklammt74,rE3!17%+gLf,47828633,3,3
Whitman,Mowne,Mary,wmary75@wikimedia.org,wmary75,bC2/Af~S,29958525,3,4
Di,Harmour,Logie,dlogie76@wikipedia.org,dlogie76,nU6&=.7<7Hf,43623945,1,1
Iona,Scragg,Brogden,ibrogden77@etsy.com,ibrogden77,tP7_\r)rll(UkaH,98960868,1,4
Lexine,Van Arsdall,Brownlow,lbrownlow78@bravesites.com,lbrownlow78,oW9%BqB?b,19225113,1,4
Mikkel,Greenrod,Loomes,mloomes79@comcast.net,mloomes79,aP5_V3f@McAs#5,23056072,2,1
Aurel,Coughan,Yushkov,ayushkov7a@networkadvertising.org,ayushkov7a,cK1$C|KH,93399726,1,4
Rhona,Chatell,Vanyukov,rvanyukov7b@bbb.org,rvanyukov7b,yN4|Dn\@@,29974746,1,2
Gavra,Arnholtz,Chaplyn,gchaplyn7c@jalbum.net,gchaplyn7c,gH1(/F<2zz+,81917225,2,1
Margarethe,Chace,Eglise,meglise7d@tumblr.com,meglise7d,xO9\S|M)dK,63727421,2,3
Tynan,Twinberrow,Jeste,tjeste7e@netlog.com,tjeste7e,oS8}AR0Z,74711790,1,3
Philippine,Beetham,Shalloe,pshalloe7f@soup.io,pshalloe7f,rW2@nIhUnCt,78344585,2,2
Agnesse,O@Caine,Sheepy,asheepy7g@unblog.fr,asheepy7g,qS7.gB6akmu4,50956780,2,3
Benedicta,Summers,Haselup,bhaselup7h@rambler.ru,bhaselup7h,eC5\|A.o9<oE~`},97506798,3,3
Tiphany,Sneath,McElory,tmcelory7i@miibeian.gov.cn,tmcelory7i,lD3++!>T<,22149083,3,1
Towny,Bastiman,Seed,tseed7j@pen.io,tseed7j,zB8~EKB{.\eT+7,55430091,2,2
Selie,Isaac,Glyde,sglyde7k@redcross.org,sglyde7k,fH0!SWEi)$hqJ>H,13828564,1,1
Ade,Geraldez,Muff,amuff7l@aboutads.info,amuff7l,nK6+RTo4%~V,28554279,1,1
Brendan,Peacey,Laffan,blaffan7m@netscape.com,blaffan7m,xW7|Wy9~,82627371,3,3
Nikolas,Trusler,Hughman,nhughman7n@last.fm,nhughman7n,mP7++BQR&mBf,25315674,3,2
Janeva,Westlake,Cadagan,jcadagan7o@paginegialle.it,jcadagan7o,cE5%I@Q.#.U,16214457,2,3
Emeline,Wolfindale,Trinder,etrinder7p@hexun.com,etrinder7p,rU5>Q1Vg,71760233,2,1
Almeda,Scramage,De La Coste,adelacoste7q@huffingtonpost.com,adelacoste7q,qP3%g.YfDI|Va=`,96957148,3,3
Darren,Denkel,Gallaher,dgallaher7r@mashable.com,dgallaher7r,eM9&!jwFtip>2,64490577,2,4
Pasquale,St. Aubyn,Danielou,pdanielou7s@stumbleupon.com,pdanielou7s,gG5}UHf.{l)\<K,47555484,3,2
Genevra,Zammitt,Macilhench,gmacilhench7t@illinois.edu,gmacilhench7t,uF6)H@cjm%w4#Mq,81698322,1,1
Ethelda,Seath,Niessen,eniessen7u@psu.edu,eniessen7u,jH4<oYa\&.H=,21846888,1,2
Dwayne,Rizziello,Nacci,dnacci7v@webmd.com,dnacci7v,cI0*c|B.c?O,90517576,3,1
Karilynn,Atherton,Blackster,kblackster7w@marketwatch.com,kblackster7w,nL9.\UqihSgr+>4,43794289,1,1
Ram,Dumbleton,De Goey,rdegoey7x@weibo.com,rdegoey7x,gY1/N={g,49856895,3,1
Tova,Ridsdale,Michelin,tmichelin7y@sitemeter.com,tmichelin7y,oZ4$/ZqU%zU)AX,10739077,3,4
Franklyn,Chidlow,Lacroix,flacroix7z@hexun.com,flacroix7z,bU1=C$N2@,11101177,3,4
Syman,Berrill,Trusse,strusse80@sohu.com,strusse80,uE1%LQkJ=x,29759318,3,1
Lorne,Bowyer,Dymidowski,ldymidowski81@whitehouse.gov,ldymidowski81,vR3|Hv8Heh?9#xq,16902358,1,4
Des,Trassler,Thaller,dthaller82@washingtonpost.com,dthaller82,tN1.zo?nC,37676382,2,2
Marigold,Pickvance,Blitz,mblitz83@comcast.net,mblitz83,jI7+o@H?v,75333340,2,3
Hilliard,Critoph,O@Dennehy,hodennehy84@icio.us,hodennehy84,cX4}nCUI@@,38703814,1,3
Charlton,Hebblethwaite,Karleman,ckarleman85@harvard.edu,ckarleman85,eT7.f=#r,52383930,1,4
Malcolm,Jaye,Tennock,mtennock86@huffingtonpost.com,mtennock86,kG0<Zh<.}X@!|Tf,63081222,3,2
Sergent,Dulton,Elen,selen87@chicagotribune.com,selen87,rO6\Gsr9C>V>@|,44775970,2,4
Avigdor,Votier,Wiggington,awiggington88@yahoo.com,awiggington88,hT8|4WjoS.G<,84350423,1,1
Cherey,Oakwell,Skae,cskae89@fema.gov,cskae89,zJ9%>Fko|HC,69089060,1,2
Shel,Schutze,Munkley,smunkley8a@barnesandnoble.com,smunkley8a,wJ9{zJF5pC.$9Er,52036927,3,4
Salomon,Tineman,McGreal,smcgreal8b@cbsnews.com,smcgreal8b,sV6{fc\/r,52646624,2,3
Miran,Bountiff,Mettrick,mmettrick8c@mlb.com,mmettrick8c,wJ3`6B*xkr1bu3N,58530296,1,1
Laurence,Florence,Meneghi,lmeneghi8d@cnet.com,lmeneghi8d,pQ1|&RwQr9YL$g<,29914528,1,1
Blondy,Daglish,Berggren,bberggren8e@163.com,bberggren8e,rN7<||EW{,99303957,3,1
Evvy,Gruszecki,Petto,epetto8f@youtu.be,epetto8f,pX9*NJzRczQ,22594212,2,3
Mathe,Grundon,Tieraney,mtieraney8g@ted.com,mtieraney8g,vQ6&q*Z@,27442052,2,3
Laurie,Creber,Szymanek,lszymanek8h@telegraph.co.uk,lszymanek8h,wO1@YT?W,63294109,1,2
Dolorita,Kettlestring,Jori,djori8i@i2i.jp,djori8i,lW9>w@az&9,45365043,1,3
Abe,Foskin,Pozzi,apozzi8j@4shared.com,apozzi8j,lJ2|@>F2}Ly7PM?,18313714,3,3
Felicio,Pountain,Folds,ffolds8k@tamu.edu,ffolds8k,jU7\w/y\{,53202311,2,1
Leroy,Stoggles,Inworth,linworth8l@xing.com,linworth8l,jC6~0l1v`QH2,79505842,2,1
Elvin,Coyte,Antrag,eantrag8m@youtu.be,eantrag8m,oA2!onT.Lfn!K(),82584902,2,4
Liza,McAviy,Daskiewicz,ldaskiewicz8n@meetup.com,ldaskiewicz8n,tE5&|PwJ,64716469,3,3
Lucian,Henighan,Campsall,lcampsall8o@harvard.edu,lcampsall8o,dY9+?\On.P7vk%,91816503,3,4
Sauncho,Elford,Humbey,shumbey8p@hibu.com,shumbey8p,xG9$iY!m,27848097,2,2
Maiga,Egglestone,Troth,mtroth8q@squarespace.com,mtroth8q,xL2\t|2FH*I2.l,70641024,3,1
Gusty,Guilleton,Bonhan,gbonhan8r@seesaa.net,gbonhan8r,rX3&!p+HTeBl9R/,55461592,2,4
Lucine,Nother,Avramovitz,lavramovitz8s@pbs.org,lavramovitz8s,sU8|z$q>HK9}x7,61789627,3,2
Maggi,Smorthwaite,Presman,mpresman8t@cnn.com,mpresman8t,mS2+Y@Emsjby$,60886517,2,3
Miriam,Columbell,Levesque,mlevesque8u@unicef.org,mlevesque8u,pE6}.{1Q8o%*D,71333071,2,1
Joey,Coldicott,Tappor,jtappor8v@whitehouse.gov,jtappor8v,mO6$0|L5l&J}MOW,39481824,1,2
Ester,Sneezem,Dummer,edummer8w@feedburner.com,edummer8w,oL6<$xPm,94487986,1,1
Truman,Western,Goulden,tgoulden8x@washington.edu,tgoulden8x,qG3\.?|xtMh*Lx,96365700,1,2
Florella,Janata,Sefton,fsefton8y@weebly.com,fsefton8y,vW0*fp&(k7LqSh(,45771144,2,1
Christy,Castelin,Draycott,cdraycott8z@godaddy.com,cdraycott8z,oM2|lDd\9>Mpe/,22136442,2,4
Glennie,Wilby,Kleinlerer,gkleinlerer90@howstuffworks.com,gkleinlerer90,lO2&$s@_vW*yqF,96845682,3,2
Johannes,Malkinson,Vouls,jvouls91@jimdo.com,jvouls91,dT7(7L&LW`VPnC),93251044,3,4
Benoit,McGuffie,Cremen,bcremen92@prlog.org,bcremen92,kU0`rP40pv`Xy_T,82807863,2,4
Virge,Waggitt,Meale,vmeale93@oracle.com,vmeale93,zP2`U_TK1X,79624428,3,1
Wini,Utteridge,Gronous,wgronous94@cdc.gov,wgronous94,aQ1~uVZ|t/#+{,66335645,1,2
Pet,Nystrom,Cafferky,pcafferky95@mac.com,pcafferky95,mT7{v(W{/rfLE?8,33712382,2,4
Wynnie,Mansel,Boatman,wboatman96@pagesperso-orange.fr,wboatman96,eW9=LP?U}9Q0P,95263720,1,4
Wallis,Lowdyane,Orwin,worwin97@about.com,worwin97,pP6|4+%g!Wd7f<,94633477,1,4
Sigfrid,Olphert,Onraet,sonraet98@vk.com,sonraet98,aI3%N|r$.\,56546897,3,3
Steve,Handford,Kem,skem99@lulu.com,skem99,gT3.K0u|!P,96216821,1,3
Selby,Dibble,Wark,swark9a@shutterfly.com,swark9a,tQ3|Ed5ySB,99618051,2,3
Desirae,Touson,Caseley,dcaseley9b@nymag.com,dcaseley9b,qD3@5OYV859,99456657,3,1
Allx,Blinerman,Redgate,aredgate9c@loc.gov,aredgate9c,qC6$R_v&0G,87983859,1,4
Shandra,Golsby,Clardge,sclardge9d@hud.gov,sclardge9d,oP2#VRXu/K~!b,83924840,1,3
Holly,Fotheringham,Banbury,hbanbury9e@gizmodo.com,hbanbury9e,eI9|Nb1.!xSd~9,80515170,3,3
Sophi,Kempton,Janda,sjanda9f@pbs.org,sjanda9f,wI7!h32|jC&A<b~,89098751,1,4
Brit,Girk,Collacombe,bcollacombe9g@omniture.com,bcollacombe9g,wK7*!@`{aQ~N=,82834268,3,2
Minetta,Tax,Kipping,mkipping9h@behance.net,mkipping9h,hF0.#YL|,36663744,2,3
Ettore,Raw,Callingham,ecallingham9i@dailymotion.com,ecallingham9i,xS6/LIzths*Lp.#,60378925,3,1
Brooke,Cowely,Remer,bremer9j@cornell.edu,bremer9j,dX1_jWp`B,17067416,3,2
Georgie,O@Keeffe,Rate,grate9k@lulu.com,grate9k,pX7.EUDp|bV!$LY,39664341,1,3
Lemmy,Crab,Dyett,ldyett9l@phoca.cz,ldyett9l,wK9!4y<2#$,28119127,2,4
Berke,Ubee,Benesevich,bbenesevich9m@cbsnews.com,bbenesevich9m,dE7{564ihIe?y6G,24597768,1,1
Rockwell,Di Iorio,Boschmann,rboschmann9n@surveymonkey.com,rboschmann9n,iS6!zB)zMu,71313294,3,2
Kinny,Novak,Seton,kseton9o@examiner.com,kseton9o,uC3||s0@!nY~nGl,33851405,1,1
Alfonso,Crowhurst,Paley,apaley9p@posterous.com,apaley9p,sE0{|bO|3}%,72891514,3,4
Helenka,Coverdill,Merriton,hmerriton9q@sourceforge.net,hmerriton9q,qE3*P|T?<W|N,54739321,2,1
Hewett,Vasyanin,Gallimore,hgallimore9r@amazon.de,hgallimore9r,rA7&.<>{%(,61946744,2,2
Kermy,Unwins,Gollop,kgollop9s@baidu.com,kgollop9s,nL9{f70+CIB9=,52862651,2,3
Emmy,Yakobovicz,Moryson,emoryson9t@nytimes.com,emoryson9t,uV2+.YZ*)KGW,91563825,2,1
Tulley,Trinbey,Seymark,tseymark9u@1und1.de,tseymark9u,tK1?ps(I7M&|@},35997735,2,3
Vicki,Siddens,Mockford,vmockford9v@mac.com,vmockford9v,tM5.ZQ+s=S20,45668565,3,4
Willabella,Thorneloe,Stops,wstops9w@elpais.com,wstops9w,nU8#mU13,44956227,2,1
Claudette,Sancias,Meany,cmeany9x@twitter.com,cmeany9x,zS8}q&7uezFCE,60948260,3,1
Fernanda,Crayk,Heam,fheam9y@artisteer.com,fheam9y,nC3)cR3d3=vo%4,87746198,3,1
Laughton,Svanini,Debrick,ldebrick9z@nymag.com,ldebrick9z,pG2&O<rOb@u,64315131,3,4
Haslett,Dmitrievski,Hulk,hhulka0@buzzfeed.com,hhulka0,kY2$mPZts\,42777387,2,3
Forrester,Beyne,Maly,fmalya1@eepurl.com,fmalya1,jZ7>jv$(C%xl5I<,23491439,3,3
Veda,Sawers,Malsher,vmalshera2@geocities.jp,vmalshera2,zY7*`LJ_i6KYg2p,14131703,1,4
Shepherd,Cornely,Kobierzycki,skobierzyckia3@feedburner.com,skobierzyckia3,fD8~lU@{Gpot,30875661,1,3
Kennan,McNeigh,Tanguy,ktanguya4@artisteer.com,ktanguya4,fY8_T0vz}Sf}h&n,46822842,1,4
Ansell,Kendal,Wyndham,awyndhama5@who.int,awyndhama5,aI8*|0p+.Yz,87258253,3,2
Esmeralda,Kuhnke,Delgardo,edelgardoa6@sourceforge.net,edelgardoa6,hP6.@||go.hq}}K,84888153,1,1
Ettore,Tribble,McGrouther,emcgrouthera7@infoseek.co.jp,emcgrouthera7,oF8_c<&jq.c>t6,55352623,1,2
Darrell,Duffan,Eim,deima8@altervista.org,deima8,zD5=G/S#&,35788976,3,3
Tiffy,Ivachyov,Fitkin,tfitkina9@ucoz.ru,tfitkina9,yG7@w!AI3vBk5,28981084,1,1
Josh,Boniface,Manssuer,jmanssueraa@reuters.com,jmanssueraa,xM3&Pvl9.,74728636,3,3
Willie,Knoller,Rushforth,wrushforthab@tmall.com,wrushforthab,rY2@EK#8hcTVLM,98934237,1,4
Carter,Ridsdole,Mongan,cmonganac@hc360.com,cmonganac,yG2?n_CX,69824028,1,1
Rodolph,Brasted,Phillott,rphillottad@bbc.co.uk,rphillottad,gZ9+mtk%}hu,11382043,1,1
Berke,Durban,Mousby,bmousbyae@e-recht24.de,bmousbyae,uI3(EZ4R),96727018,2,1
Tandy,Wetwood,Chastenet,tchastenetaf@ning.com,tchastenetaf,bI6|\IKC(+Au\V,88247949,3,2
Gusti,Gribble,Vanyushkin,gvanyushkinag@sakura.ne.jp,gvanyushkinag,nC9+p>E!A*|C4,25071834,3,3
Jeannette,Kinny,Balcock,jbalcockah@washingtonpost.com,jbalcockah,oS6{N.Gs%jLK,62754855,2,4
Forster,Penniell,Littlemore,flittlemoreai@msu.edu,flittlemoreai,fC3)iaN/!@,82178665,3,2
Lorrayne,Valentine,Beacroft,lbeacroftaj@techcrunch.com,lbeacroftaj,lR1*G~@d6rm!{8,98309547,3,2
Jerome,Hruska,Duinbleton,jduinbletonak@cam.ac.uk,jduinbletonak,cD0#.Y7bY.6{O`0,89226563,1,4
Cybill,Lammertz,Mackison,cmackisonal@cisco.com,cmackisonal,iD0@wnX>J,81204580,2,3
Clare,Coventon,Staggs,cstaggsam@utexas.edu,cstaggsam,oF7@xpxSh\Te,45976963,3,2
Hamnet,Boden,Cicccitti,hcicccittian@nbcnews.com,hcicccittian,gA6`LP$RZ?.bij@,67399672,2,1
Becca,McCaughen,Maso,bmasoao@latimes.com,bmasoao,lR7<H1cIm=%(,56312407,3,4
Elenore,Ceschini,Caroll,ecarollap@buzzfeed.com,ecarollap,oZ2~9q+)v2\r,40957198,3,1
Tawnya,Sheber,Corbridge,tcorbridgeaq@nifty.com,tcorbridgeaq,wN2)@<COjQE!`,91997749,3,3
Timi,Ramsdale,Claesens,tclaesensar@geocities.jp,tclaesensar,aD2.I5\Ft,60759750,2,2
Cassi,Bill,Baukham,cbaukhamas@chron.com,cbaukhamas,wS5!vF?&V,29072240,3,4
Kirstin,Goncaves,Bridges,kbridgesat@yelp.com,kbridgesat,mO7|{eT(,22618272,2,2
Amber,Errichiello,Bexley,abexleyau@godaddy.com,abexleyau,kN3`#&YV`o~Itvb,41566453,2,2
Rudolph,Ludlom,Timbridge,rtimbridgeav@blog.com,rtimbridgeav,iM2@6$I%,58936172,1,2
Antonietta,Shufflebotham,Antram,aantramaw@comcast.net,aantramaw,pY5|B#M$Q?,64038027,1,3
Jasper,Jeffries,Taunton,jtauntonax@google.ca,jtauntonax,fN0|`zhGQ!KG7,15909762,2,3
Tresa,Quiddinton,Crowley,tcrowleyay@goo.ne.jp,tcrowleyay,aC1.S)Dyh,64612175,1,4
Iggy,Lyttle,Slowley,islowleyaz@latimes.com,islowleyaz,hQ9`nUbPU~>0,40890424,1,4
Anne,Willacot,Matschke,amatschkeb0@jugem.jp,amatschkeb0,hV1~EdsVx~x,16654350,2,3
Estel,Jeannaud,Medendorp,emedendorpb1@chron.com,emedendorpb1,zL3|d.JFK|Jq%G{,32586163,1,4
Correna,Kuna,Drayn,cdraynb2@live.com,cdraynb2,eV5*|I4.K5,49326642,2,1
Paula,Gruby,Pietrowski,ppietrowskib3@dyndns.org,ppietrowskib3,aD2!nCOdfKyjZfo,64756633,1,1
Hunt,Byllam,Hastelow,hhastelowb4@technorati.com,hhastelowb4,cY7.pf_F,33240147,3,4
Standford,Feuell,Twine,stwineb5@wikipedia.org,stwineb5,aP3.kg.x>eBX3)a,29928438,3,2
Brit,Grinnov,Gianolo,bgianolob6@unblog.fr,bgianolob6,tE1?.Eim\o~xplJ,27162237,1,4
Debee,Doohan,Steinor,dsteinorb7@google.co.uk,dsteinorb7,iL3)XnReq,88777766,2,2
Sibelle,Cleare,Pagitt,spagittb8@wikia.com,spagittb8,sK0.qX%k&D)`8=A,57473679,1,3
Demetria,Lonie,Starkings,dstarkingsb9@istockphoto.com,dstarkingsb9,jQ5_bHJ\@,50242355,3,3
Deeyn,Pendrey,Gatfield,dgatfieldba@github.com,dgatfieldba,xV6)Ucbsf}`sCZR,33790102,1,4
Justino,Casin,Chester,jchesterbb@who.int,jchesterbb,kW5!%n+Fs**lYrU,96461154,2,2
Teriann,McGahern,Dory,tdorybc@elpais.com,tdorybc,jI7@YOAW,73699172,1,1
Filmore,Isaak,Pree,fpreebd@devhub.com,fpreebd,cM0*<fdDQ,59658804,3,3
Germain,Degoey,Jiran,gjiranbe@google.co.jp,gjiranbe,rP2(=1di&|d,23035608,1,4
Shelby,Karolovsky,Spacey,sspaceybf@addtoany.com,sspaceybf,xG4){LuW@Z,66849707,2,3
Talbert,Avory,Ewdale,tewdalebg@narod.ru,tewdalebg,fZ3_3MAwp25#WT,84653833,2,4
Nicolais,Schimpke,Blackley,nblackleybh@prnewswire.com,nblackleybh,uW0{JRk`,78515624,1,4
Toddy,Farr,Collingridge,tcollingridgebi@boston.com,tcollingridgebi,uW5|jtw8,95423190,1,4
Stanwood,Dahlberg,Woodland,swoodlandbj@tuttocitta.it,swoodlandbj,aL8+J+7\=h}{<O,63975279,2,2
Tulley,Liles,Riche,trichebk@51.la,trichebk,lJ3?Kj6.*C,98793187,2,1
Jannelle,Cossar,Petrollo,jpetrollobl@smh.com.au,jpetrollobl,eU8~svaY~k.Ver,93294929,3,2
Leodora,Reis,Stoner,lstonerbm@globo.com,lstonerbm,sA1<g/7SCbx1s,13903817,2,3
Coral,Fettes,Lamartine,clamartinebn@dailymotion.com,clamartinebn,eY2.+H_x@v?kn$a,83220520,3,2
Ariana,Gisbye,Salliss,asallissbo@opera.com,asallissbo,qC0>4W68S,20732910,1,1
Toma,Bowller,Goter,tgoterbp@twitter.com,tgoterbp,cX9)?|I/WW9)s7A,65528092,1,4
Waylin,Caplan,Yeend,wyeendbq@amazon.co.uk,wyeendbq,mU9\Lp$OD=>z,47334966,3,1
Vern,Hatter,Torre,vtorrebr@seattletimes.com,vtorrebr,xI8/OzT<LH>O,59573385,2,1
Lawton,Joddins,Clerke,lclerkebs@deviantart.com,lclerkebs,rC0>l`uI,70186851,3,1
Lynette,Deplacido,Kidston,lkidstonbt@wunderground.com,lkidstonbt,cS4{1fu?STqm,74626617,2,1
Fredi,Moseby,Bandy,fbandybu@yolasite.com,fbandybu,qP6%a<13fiIh@,55984443,2,1
Tildi,Sully,Blackman,tblackmanbv@msu.edu,tblackmanbv,hB8@u~7@P$$g2>,99091899,3,4
Petronille,Lockner,Limprecht,plimprechtbw@google.com.au,plimprechtbw,xX8))@{7,89886174,3,2
Maura,Yeaman,Rioch,mriochbx@usgs.gov,mriochbx,lU3|<WA|#7D,82563530,3,4
Malynda,Salvatore,Haydon,mhaydonby@ameblo.jp,mhaydonby,hT3}_1lC_\,16384298,1,1
Fania,Llewellin,Randall,frandallbz@sourceforge.net,frandallbz,lW7!GX7H>R9P8%X,17920889,3,1
Alfonso,Jime,Bails,abailsc0@google.cn,abailsc0,aR5*eWAeQ+P3C<C,59900171,1,3
Dacia,Mardle,Merali,dmeralic1@freewebs.com,dmeralic1,iF6@chIB\Q,94392649,1,1
Flinn,Rabat,oldey,foldeyc2@last.fm,foldeyc2,gQ6\ehae7cM@,25347176,2,3
Tamma,Zahor,McCanny,tmccannyc3@toplist.cz,tmccannyc3,lO0`cl?L.EPu}C,46910555,2,4
Dusty,Drance,Willoughley,dwilloughleyc4@admin.ch,dwilloughleyc4,aO4!B5}ZAhT,14669157,1,2
Ida,Pressland,Edgcumbe,iedgcumbec5@wp.com,iedgcumbec5,cX7>B~/V3k.J,49354059,3,3
Ingra,Thackray,Ellerington,ielleringtonc6@phpbb.com,ielleringtonc6,hX7+p1KFQ>E,91941417,2,3
Lindsey,McQuie,Hayer,lhayerc7@bigcartel.com,lhayerc7,sC5}4X<)Z@A&X,15591446,3,4
Ferrell,Birney,Ogger,foggerc8@forbes.com,foggerc8,hA5}3OsAc@t,78781830,3,4
Nicola,Gudeman,McTeggart,nmcteggartc9@example.com,nmcteggartc9,wA7}&$.vuB=,80586533,1,2
Annnora,Cheeld,Seckington,aseckingtonca@sogou.com,aseckingtonca,tZ8>~AYQFhH&}r6,57258911,3,3
Lauritz,Perring,Mardling,lmardlingcb@barnesandnoble.com,lmardlingcb,hU1\a_o%,20075183,3,4
Gardie,Duny,Orr,gorrcc@tripod.com,gorrcc,nT9|o!9fwveyId>,61026413,2,3
Lauritz,McGill,Caress,lcaresscd@themeforest.net,lcaresscd,tK3#NroY|f,21279455,2,2
Vlad,Haspineall,Merryfield,vmerryfieldce@sitemeter.com,vmerryfieldce,fY4&05WN\H,19944311,1,2
Tressa,Daltrey,Ley,tleycf@amazon.co.jp,tleycf,zT1+l6?5eFl,28679896,3,4
Adelbert,Confort,Samworth,asamworthcg@vinaora.com,asamworthcg,hL8@G|E5%ha},28590332,1,2
Kay,Coplestone,Neeve,kneevech@japanpost.jp,kneevech,jQ3}!F!m5j2{I+,55349819,3,3
Anna-diana,Shillom,Allicock,aallicockci@ftc.gov,aallicockci,qE1/_An/(m8m.*y,16264985,1,1
Armstrong,Roncelli,Stookes,astookescj@mayoclinic.com,astookescj,yJ4{gF}|i,56010546,2,1
Alfonse,Mucklo,Disdel,adisdelck@ucla.edu,adisdelck,sB3+8_?lL,44181771,3,4
Obidiah,Monksfield,McMickan,omcmickancl@cbsnews.com,omcmickancl,kB0|*s@!&),80760616,3,3
Culver,Wylam,Peabody,cpeabodycm@1688.com,cpeabodycm,gA7*AVA~,60948415,2,1
Desiri,Saundercock,Terran,dterrancn@baidu.com,dterrancn,tR2@~X@F_/~7,71449458,1,2
Otho,Cinelli,Cappel,ocappelco@hostgator.com,ocappelco,rR2)Tx07Qz8D=>U,63240049,3,2
Randee,Wrench,Housaman,rhousamancp@abc.net.au,rhousamancp,yV8<BT.?q$%,43412354,1,3
Murry,Tinmouth,Harsnipe,mharsnipecq@home.pl,mharsnipecq,uT4?4(6pVXd,55133685,3,4
Elisa,Shoosmith,Hefferan,ehefferancr@kickstarter.com,ehefferancr,zS1@Wev.@Wp$l%,66902637,2,1
Aldridge,Wall,Gheerhaert,agheerhaertcs@sphinn.com,agheerhaertcs,oH4@GgpI2!<,14671465,2,1
Ebenezer,Tomaszynski,Donlon,edonlonct@seattletimes.com,edonlonct,tF7{L>_Eu={?4},17981713,1,4
Gerri,Ascroft,Izzatt,gizzattcu@soup.io,gizzattcu,gE4_ed{=,70071783,1,3
Laney,Bassilashvili,Paddefield,lpaddefieldcv@tmall.com,lpaddefieldcv,gR0&|B6k5(4,71166830,3,2
Conrado,Rathborne,Vasyutichev,cvasyutichevcw@google.ru,cvasyutichevcw,bC7%91Keo1`n,27213204,2,4
Elinor,Vaskov,Risely,eriselycx@de.vu,eriselycx,qH1<yl?F,74302965,2,2
Germaine,Metheringham,Gossage,ggossagecy@ifeng.com,ggossagecy,zU1%v!8B!2JtD,58702332,2,3
Pierette,Benedite,Bonefant,pbonefantcz@huffingtonpost.com,pbonefantcz,gT9!P_/LKo6!#=,62189221,2,3
Jermain,Jakubowsky,de Broke,jdebroked0@ca.gov,jdebroked0,aF3`n+vP,95371342,3,2
Melva,Gleave,Standidge,mstandidged1@bing.com,mstandidged1,wS8==yUp00P~p<j,31437735,3,4
Alfonse,Sukbhans,Kopp,akoppd2@jalbum.net,akoppd2,vD7.4YV{M{{c#y6,94483679,3,3
Riane,Mayworth,Dunsire,rdunsired3@sphinn.com,rdunsired3,dU2@.x.PG5sn.8!,27644062,2,4
Archie,Conradsen,Dartan,adartand4@state.tx.us,adartand4,kE8!!G~1fcJ)K,64904048,1,4
Coleen,Maudett,Marrill,cmarrilld5@deliciousdays.com,cmarrilld5,iC5`Gq#(?`yUn,11495959,2,3
Sunny,Greet,O@Donoghue,sodonoghued6@usnews.com,sodonoghued6,yP6}@Xml,21463611,3,4
Celina,Monksfield,Kittow,ckittowd7@ask.com,ckittowd7,sP3>IqdS,86342844,2,1
Carmel,Sketch,Filipchikov,cfilipchikovd8@nih.gov,cfilipchikovd8,yV0.FNF>D,97400321,2,2
Tamqrah,Monsey,Walwood,twalwoodd9@thetimes.co.uk,twalwoodd9,hV9<ALhCn<*NU`e,66835471,1,1
Paulie,Guynemer,Ludovico,pludovicoda@nsw.gov.au,pludovicoda,fB5{0R8l,85990022,1,2
Brittney,Wiltshaw,McLagain,bmclagaindb@foxnews.com,bmclagaindb,hY1`25dcKfMU,16720656,2,1
Therine,Snowsill,Cavey,tcaveydc@jugem.jp,tcaveydc,zK2<FUZW_,82684407,1,3
Manuel,Grundey,Baily,mbailydd@bravesites.com,mbailydd,vR5=PD?G_/,53732820,1,3
Isa,Lanchbery,Phateplace,iphateplacede@google.de,iphateplacede,eM5)_D`qTzP|`a9,72108586,2,4
Sky,Rudwell,Robotham,srobothamdf@cdc.gov,srobothamdf,qD0..j6kf{d,13561540,2,1
Terza,Mithun,Goult,tgoultdg@icq.com,tgoultdg,hA4&6>BBFl@|L,92233182,3,2
Shaine,Sworder,Brahms,sbrahmsdh@pen.io,sbrahmsdh,aP8#kT7l&wayQK#,76447986,2,3
Nedda,de Keep,Beckworth,nbeckworthdi@cocolog-nifty.com,nbeckworthdi,qF5{qq@DP{.9.,78930336,2,3
Romain,Padly,Dightham,rdighthamdj@sakura.ne.jp,rdighthamdj,rO1\RZVK%QOqW$W,36582906,1,1
Bale,Armstrong,Groveham,bgrovehamdk@github.com,bgrovehamdk,iE6/|5tDZpXuy29,17310643,1,3
Tamra,Durant,Perl,tperldl@liveinternet.ru,tperldl,qZ8@c8|o,29056375,2,1
Shamus,Daborne,Smeeton,ssmeetondm@hubpages.com,ssmeetondm,vG0#afJ$WvG!MJg,54001289,2,4
Sharai,Orme,Kanter,skanterdn@edublogs.org,skanterdn,lR2_j+?K=,39060351,2,3
Flore,Castelli,Fairbeard,ffairbearddo@cafepress.com,ffairbearddo,pC3>1PCfNF5a|,17398982,1,3
Marilyn,Iacoboni,Bernardeschi,mbernardeschidp@dailymail.co.uk,mbernardeschidp,kV5=OS$96,14179534,3,1
Galen,Kinnen,Arrighini,garrighinidq@opensource.org,garrighinidq,wG2@gm&fq~,99749569,2,3
Ulla,Keoghane,Klossmann,uklossmanndr@digg.com,uklossmanndr,pR7$w|FLE1&p,37484971,1,2
Ephraim,Burgiss,Maskill,emaskillds@furl.net,emaskillds,pT8$U}DgdN6yQ&,26954436,3,3
Roland,Rudledge,Worton,rwortondt@mit.edu,rwortondt,uE2@%Q.\g|!o,30801555,3,4
Reese,Sidaway,Adamolli,radamollidu@elegantthemes.com,radamollidu,jO7}*W)0kX72zE|,97919513,1,1
Durand,Nutten,Oake,doakedv@ebay.com,doakedv,eC9<Z0\lE<$3X,55971310,1,4
Rubetta,Fellenor,Dybell,rdybelldw@rambler.ru,rdybelldw,kJ5`(RgG<b>,47746327,2,2
Kimberley,Trudgion,Weson,kwesondx@sbwire.com,kwesondx,iN0|~bWq/b5,54729857,3,4
Hendrick,Hanshawe,Jimes,hjimesdy@lulu.com,hjimesdy,uK6+IwZ}Uu>C,70475577,2,2
Jessi,Hatliff,Matyasik,jmatyasikdz@pbs.org,jmatyasikdz,iC1~.HUn.dqd,30264400,3,1
Dorree,Ronci,Jones,djonese0@youtube.com,djonese0,rZ9)KlF`K,21227391,2,4
Pepito,Franc,Hambly,phamblye1@tiny.cc,phamblye1,qW1+$qHq4*i\Y8.,97579882,1,2
Lucila,O@ Mahony,Gregore,lgregoree2@nhs.uk,lgregoree2,vM6{iZ\zbRZ,90566044,3,2
Sinclair,Eick,Grayne,sgraynee3@amazon.com,sgraynee3,aT0)cYnX<q2KdwK,64212672,2,1
Ainslee,d@Escoffier,Boutell,aboutelle4@multiply.com,aboutelle4,dC5\5@/Sao|(,90384246,2,3
Fredericka,Currao,McCafferky,fmccafferkye5@japanpost.jp,fmccafferkye5,uS6)/qb?L8R7,70931449,1,1
Gilberta,Larkin,Prettyjohns,gprettyjohnse6@ted.com,gprettyjohnse6,zT0@/0wb0H,86465829,3,2
Harwell,Burger,Pesik,hpesike7@amazon.co.jp,hpesike7,fW9)|W@w_X%}M,38300319,1,4
Ely,Pfaffe,Elflain,eelflaine8@businessweek.com,eelflaine8,mW1@@wLkZaL.Y,51979831,1,1
Erhart,Olesen,Willock,ewillocke9@discovery.com,ewillocke9,kN5<FLmC&q,93825975,3,2
Chrysa,Mangeot,Georg,cgeorgea@weather.com,cgeorgea,sJ5~>@@9jJ#_1y,10794041,3,3
Donella,Kauble,Churchley,dchurchleyeb@techcrunch.com,dchurchleyeb,vI3)V%Wkv<,84026492,2,2
Conway,Grumble,Oels,coelsec@tmall.com,coelsec,gB5)sG=1#Q>,30695315,3,2
Korry,Spry,McManus,kmcmanused@samsung.com,kmcmanused,nV7|S0%L>,80702433,3,4
Reggi,Crimpe,Pringuer,rpringueree@msu.edu,rpringueree,kH4$LWAt,93253336,3,1
Penelopa,Hasel,Gearing,pgearingef@unc.edu,pgearingef,wI7~oU4qpS,90641915,2,2
Ginny,Kineton,Merrisson,gmerrissoneg@slate.com,gmerrissoneg,yX3}G}O!Uq/M>_,27256945,3,4
Nate,Simanenko,Widdows,nwiddowseh@devhub.com,nwiddowseh,yL8\GOG#Vzwd,69443394,2,4
Obediah,Barnewille,Wildbore,owildboreei@miibeian.gov.cn,owildboreei,dT8?PPJ|\nVE5,29922983,2,3
Nonna,Champkin,Smoote,nsmooteej@ucla.edu,nsmooteej,wE4.l.gJ|$YQq,54363834,3,2
Kimmie,Gartan,Frodsham,kfrodshamek@microsoft.com,kfrodshamek,bF6*3Yu9yd6.,34348666,2,2
Anabal,Awde,Ick,aickel@weibo.com,aickel,jX9)Sb!8Q0Sg5PQ,24008864,3,2
Larina,Frarey,Roast,lroastem@vimeo.com,lroastem,kS4.o\wCr.,28439111,1,2
Huey,D@Hooghe,Cartwight,hcartwighten@earthlink.net,hcartwighten,xG4+0@>wxwS@KR,57477628,2,3
Ursala,Kollaschek,Hutcheon,uhutcheoneo@usa.gov,uhutcheoneo,hF1.P~/i.(/|Z,53081519,2,2
Orlan,Lees,Barnsdale,obarnsdaleep@un.org,obarnsdaleep,mI9|N7+ubUEhM7_,36407091,3,4
Lavinia,Jukubczak,Butterwick,lbutterwickeq@instagram.com,lbutterwickeq,zY3.(XnG,84489995,2,1
Kele,Ribeiro,Minihane,kminihaneer@vinaora.com,kminihaneer,mG8~p>A@akW<,34030899,2,2
Ewart,Spellsworth,Bilney,ebilneyes@ucoz.com,ebilneyes,sM2#0tQg*hSh+=F,78298046,1,1
Vergil,Hathaway,Maren,vmarenet@amazon.de,vmarenet,nD5%rr|%mSg,24748456,1,2
Orland,Adami,Davidsson,odavidssoneu@un.org,odavidssoneu,sM3*aBa@|Psj+,58880967,1,4
Tabby,McLane,Greenan,tgreenanev@biglobe.ne.jp,tgreenanev,cG9$6C&4nqO,49594652,1,3
Maurine,McHardy,Duchesne,mduchesneew@telegraph.co.uk,mduchesneew,wN5**3$gE%9C*vP,76366800,3,1
Phil,Titheridge,Dulany,pdulanyex@tuttocitta.it,pdulanyex,iE9#*UmUj,13412139,3,3
Inger,Francklyn,Pigne,ipigneey@weibo.com,ipigneey,sH8.|L@Ji5=,36371722,2,2
Maxi,Towsey,Drache,mdracheez@digg.com,mdracheez,rK4(%KKQzCzW},83272460,1,1
Selma,Arnout,Franzonello,sfranzonellof0@statcounter.com,sfranzonellof0,vH2/uB#n(+uM5},81288529,2,2
Bale,Ansell,Denisovo,bdenisovof1@meetup.com,bdenisovof1,fL2{GAsahX3,55149515,2,3
Olympia,Botwood,Vlahos,ovlahosf2@columbia.edu,ovlahosf2,wE5)!F.p=m@,61908919,3,2
Malvin,Fludder,Lamprey,mlampreyf3@dedecms.com,mlampreyf3,fG5_*qaDu@N6wt/,95168344,2,2
Gert,Voce,Mendonca,gmendoncaf4@sakura.ne.jp,gmendoncaf4,tW9.`!}<Wml,80108441,2,3
Catharine,Speek,Saylor,csaylorf5@rediff.com,csaylorf5,aJ1{Ka~Q)@sMG\8,87624451,1,2
Rossy,Trevorrow,Alexandrou,ralexandrouf6@123-reg.co.uk,ralexandrouf6,zT6<xicg#L,71292298,2,1
Dulcie,Veitch,Phaup,dphaupf7@mac.com,dphaupf7,cZ4~R?P)gtamXWx,81052385,1,3
Zelma,Found,Kestle,zkestlef8@tiny.cc,zkestlef8,nY5(}_r9FHx}wpG,82636470,2,2
Cordy,Prendergast,Poultney,cpoultneyf9@skyrock.com,cpoultneyf9,fA0.pfzE0u+>Pzf,89421585,1,3
Ketti,Burcombe,O@Duggan,kodugganfa@discuz.net,kodugganfa,qM4./xoC4,83010285,2,3
Claire,Burril,Newbigging,cnewbiggingfb@dyndns.org,cnewbiggingfb,aP7(mK!!n|sQ,60652592,1,1
Chick,Selly,Tring,ctringfc@phpbb.com,ctringfc,kL4{+IPzPlp,15237874,3,1
Alexandros,Monier,Reach,areachfd@arstechnica.com,areachfd,cB1`@8NuiyE38,85562237,3,3
Sydel,Pester,Knight,sknightfe@scientificamerican.com,sknightfe,wZ5#1!Ce,89031517,1,4
Annadiana,Allenby,O@Cassidy,aocassidyff@altervista.org,aocassidyff,kI7>`)L#~q,82847255,2,1
Carole,Gelland,Calleja,ccallejafg@fc2.com,ccallejafg,qH2{zvoXtmZ`,45719718,3,3
Marian,Durston,Trousdell,mtrousdellfh@1688.com,mtrousdellfh,iW8~`Po@,87895977,2,1
Delano,Kunkler,Beamiss,dbeamissfi@ehow.com,dbeamissfi,vB7\uLrA!$h*NZ,10955989,3,1
Alexandros,Jaqueminet,Bilbery,abilberyfj@cdbaby.com,abilberyfj,wH4>3iy$iL3>,63105353,1,4
Guilbert,Slad,Victor,gvictorfk@feedburner.com,gvictorfk,wN2)mqpJ|,50153115,2,3
Sherwynd,Karran,Rannie,sranniefl@msu.edu,sranniefl,yB9<QQNM,83835016,2,4
Kennedy,Bees,Raikes,kraikesfm@wikispaces.com,kraikesfm,yP1<b|gRQuV9A,74843695,1,4
Loleta,Le Page,Sarchwell,lsarchwellfn@e-recht24.de,lsarchwellfn,iG3.1=3uj<,24076370,2,1
Stevana,Trounce,Kiernan,skiernanfo@bloomberg.com,skiernanfo,yP7>#B0{I,81649986,3,1
Mindy,Sheach,Marcam,mmarcamfp@europa.eu,mmarcamfp,xM6<.8W~s0,32453769,2,3
Dorella,Union,Momery,dmomeryfq@wufoo.com,dmomeryfq,wE6?=H4A,13364360,2,1
Flss,Camilleri,Campbell,fcampbellfr@domainmarket.com,fcampbellfr,sP7(O8kZN,83810398,2,3
Liliane,Havvock,Yarrell,lyarrellfs@umn.edu,lyarrellfs,kQ1%<>9O)vcx,71494892,1,2
Trescha,Burgoin,McFaul,tmcfaulft@alexa.com,tmcfaulft,yQ8/kqb=t7~?I?H,22791146,3,2
Jillene,Rounce,Veryard,jveryardfu@tumblr.com,jveryardfu,lM9+pWZi{,97929786,1,4
Elvina,Wallen,Kerswill,ekerswillfv@nifty.com,ekerswillfv,fB1<!TJ<R,73117960,1,3
Julianne,Shaves,Pickrill,jpickrillfw@moonfruit.com,jpickrillfw,sP3|HPOi,42203176,1,3
Cobby,Gossling,Vagg,cvaggfx@latimes.com,cvaggfx,fZ0*b`K<v_>dI*,57002828,2,2
Beulah,Greenhalgh,Chomley,bchomleyfy@myspace.com,bchomleyfy,qE1|~{S@VY,62464068,3,1
Cal,Skerman,Artinstall,cartinstallfz@free.fr,cartinstallfz,sU5>rag\p>,21093707,3,2
Allin,Aubrun,Beagles,abeaglesg0@cnn.com,abeaglesg0,gO5)=.LC\s`|c,31390853,2,4
Kattie,Cabane,Jerrans,kjerransg1@slideshare.net,kjerransg1,qL8}U#4t}@g(O,72493710,3,4
Chen,Hanbury-Brown,Speeks,cspeeksg2@nature.com,cspeeksg2,aE6)bN7x_#)@,66771662,1,3
Carce,Killwick,O@Lynn,colynng3@wiley.com,colynng3,mB3@r7YC?/wY,93275339,2,2
Caryl,Grishakin,Uc,cucg4@dagondesign.com,cucg4,pI2$T2+c(@F,28686219,3,4
Kerwinn,Gouley,Chagg,kchaggg5@instagram.com,kchaggg5,iP9!$tofo9,82752303,3,1
Vi,Bellingham,Sergent,vsergentg6@wired.com,vsergentg6,gP6%gR.#T8,55453189,2,3
Elise,Gaitley,Sherland,esherlandg7@gnu.org,esherlandg7,uQ4%+>@vB`z.,56412026,2,3
Matilda,Goudie,Valerio,mvaleriog8@army.mil,mvaleriog8,hO4|KX+?eAqi7C,98290187,3,4
Miriam,Champain,Forrestall,mforrestallg9@google.com.au,mforrestallg9,cO7%++&z,44477571,1,4
Alisun,Fries,Brookshaw,abrookshawga@mysql.com,abrookshawga,zM6#fCak\F,66318451,1,1
Arty,MacCleay,Denkel,adenkelgb@buzzfeed.com,adenkelgb,mM7!Pa0&d(j%W,94124380,1,4
Anatollo,Yakovitch,Keigher,akeighergc@epa.gov,akeighergc,xP6(2iMd9|c,32022871,2,3
Jilleen,Walster,William,jwilliamgd@webeden.co.uk,jwilliamgd,tW1~AR?mJ3?@rRd,69252846,3,1
Janith,Foskett,Pasfield,jpasfieldge@weather.com,jpasfieldge,pK2/(.mb!f,61901791,1,1
Prudence,Pellingar,Boylan,pboylangf@fotki.com,pboylangf,jT7(q(hd_g,40074986,2,1
Emmott,Larvor,Wolseley,ewolseleygg@over-blog.com,ewolseleygg,bU3|L9|S4<Gl{Ln,85047527,2,3
Danyette,McNickle,Minards,dminardsgh@washington.edu,dminardsgh,aW2@Utschmg,54229393,3,4
Jacenta,Batthew,Ledes,jledesgi@zdnet.com,jledesgi,aP6(R26m>M8uSx,27869720,2,2
Moina,Maycey,Dollard,mdollardgj@discovery.com,mdollardgj,cU8/Emu{(B,25181381,1,4
Brannon,Cheetham,Minmagh,bminmaghgk@archive.org,bminmaghgk,xT8@@cUJg,84158768,1,3
Yoko,Pyner,Parlet,yparletgl@independent.co.uk,yparletgl,uE0`&w}J,76653499,1,1
Alexis,Torres,Barry,abarrygm@4shared.com,abarrygm,gW3)V2*7HL,64962209,3,2
Clare,Pilfold,Hazzard,chazzardgn@abc.net.au,chazzardgn,fB9\Sr`A/&4v9jv,44956452,1,4
Jillana,Bromont,Gorgen,jgorgengo@simplemachines.org,jgorgengo,qO0>Ij@KpnR,62463946,2,1
Redd,Flanner,Cowcha,rcowchagp@latimes.com,rcowchagp,dZ0@xx1H/nDF,24993067,1,4
Cammy,Bygrove,Borland,cborlandgq@wsj.com,cborlandgq,iE1.?&qn&~bQhX,59009694,1,4
Burnaby,Dunk,Sheere,bsheeregr@dell.com,bsheeregr,uI2`GGROr~q5,55194361,2,4
Inna,MacDirmid,Fulloway,ifullowaygs@chicagotribune.com,ifullowaygs,iQ4>fP4b,37479846,3,4
Krystal,Wroughton,Sherville,kshervillegt@merriam-webster.com,kshervillegt,iP0\jaifaj,63459038,3,2
Maryjane,Vasyutichev,Rowlson,mrowlsongu@tumblr.com,mrowlsongu,zP7(}.|+%<hmUVj,10354739,1,2
Sargent,O@Keefe,Trollope,strollopegv@storify.com,strollopegv,sO1_L1<m!u=)m*6,41840617,1,2
Diego,Pattesall,Yelyashev,dyelyashevgw@un.org,dyelyashevgw,lP4_#HLCNqVjVPE,78524102,1,3
Son,Rysdale,Pasquale,spasqualegx@last.fm,spasqualegx,vJ9>R+bO|b,66845488,2,3
Sondra,Elverston,Brabbs,sbrabbsgy@freewebs.com,sbrabbsgy,qM8.P7gn\Rpl/1E,50977945,1,3
Say,Goss,Mattocks,smattocksgz@webs.com,smattocksgz,wC5*_/ATm$,80753438,3,2
Sydel,Waddington,Perrott,sperrotth0@deviantart.com,sperrotth0,qE6~d$YKZ.`Ng,93696917,2,4
Analiese,Konzelmann,Jirka,ajirkah1@java.com,ajirkah1,uB0$iWK!&_D?|d,96953390,3,4
Homer,Pauls,Croster,hcrosterh2@google.nl,hcrosterh2,bP1&|0HGEk#)zF,27965662,3,1
Bernadette,Shrubshall,Scudamore,bscudamoreh3@marriott.com,bscudamoreh3,vU3.wVka,54428158,3,3
Kennett,Vashchenko,Locarno,klocarnoh4@google.ru,klocarnoh4,nQ5*/E*b<T#9,62031499,1,1
Pernell,Fearnill,Tabour,ptabourh5@eepurl.com,ptabourh5,bP3*#}@n2_<i`Pg,18096983,1,4
Glyn,Gillani,Cuddy,gcuddyh6@tuttocitta.it,gcuddyh6,lS7/4q&UP,57389541,3,2
Dolly,Kunkel,Devey,ddeveyh7@businessweek.com,ddeveyh7,gE9.%=?SBId,39664912,3,2
Morton,Dudmesh,Zoanetti,mzoanettih8@china.com.cn,mzoanettih8,dB2@dn(vap5,63894294,1,1
Ches,Enston,Upchurch,cupchurchh9@elpais.com,cupchurchh9,wA2`@@/qnd*,85935596,3,3
Isabelle,Cardello,Minmagh,iminmaghha@unicef.org,iminmaghha,lA4@~n!sZh?z,22471270,3,4
Eirena,Merritt,Whate,ewhatehb@surveymonkey.com,ewhatehb,kL8&OrYHlrd@mC3,46123803,2,1
Carolyne,Gristock,Cathel,ccathelhc@skype.com,ccathelhc,aV7_n$`HUEqf.G,71848587,2,2
Rube,Duddle,Belhome,rbelhomehd@upenn.edu,rbelhomehd,yB3.C+TOh%>Z@{0,65832569,2,2
Rufus,Gildersleaves,Steels,rsteelshe@webmd.com,rsteelshe,bE2|PTJN8N5,96624065,2,4
Calley,Waind,Gibbetts,cgibbettshf@icio.us,cgibbettshf,aW6%FLy.mB,65972141,3,3
Uta,Borgnet,Andresser,uandresserhg@forbes.com,uandresserhg,aA6?8!>wT,22724106,1,2
Adelle,Prendiville,Hazart,ahazarthh@msn.com,ahazarthh,tH3%`s>@,99803882,2,1
Molli,Slany,Habbeshaw,mhabbeshawhi@myspace.com,mhabbeshawhi,lP4/y|j63g,77544472,1,3
Gardiner,Danielou,Atwill,gatwillhj@networkadvertising.org,gatwillhj,mR9>.RjeVB),93294474,2,2
Marci,Bowcher,Father,mfatherhk@angelfire.com,mfatherhk,dE7_>~LpnP>1O,88982858,3,4
Tori,Tourle,Dulwitch,tdulwitchhl@state.gov,tdulwitchhl,mD2#?X=SG+v!,58829612,2,1
Ancell,Masding,Badgers,abadgershm@wired.com,abadgershm,pK2.\~mL<u,29651277,3,3
Wilhelm,Garrique,Antecki,wanteckihn@mtv.com,wanteckihn,nE5$UCabwYHd\&,63183566,1,2
Jude,Fearn,Baybutt,jbaybuttho@springer.com,jbaybuttho,dZ2.idb$sP$<i,88505777,3,1
Gav,Bosence,Tipping,gtippinghp@narod.ru,gtippinghp,lR5@Tt7Y?|H~+,45447217,2,1
Eadmund,Mousby,Batchan,ebatchanhq@trellian.com,ebatchanhq,cS5#&(.X,16569338,2,4
Pinchas,Schieferstein,Cotesford,pcotesfordhr@dailymail.co.uk,pcotesfordhr,wO3>e5\{4AoyhX,33649984,2,1
Vitoria,Farrah,Quinnell,vquinnellhs@loc.gov,vquinnellhs,wO5&dSSo/!E8},63839467,2,3
Victoir,Crisp,Caffin,vcaffinht@java.com,vcaffinht,cD9{jpglCxK7g7p,62855575,2,2
Jean,Martel,Danielkiewicz,jdanielkiewiczhu@uiuc.edu,jdanielkiewiczhu,pE8}WJb}Bnie6,89344923,1,4
Tully,Ringwood,Stithe,tstithehv@japanpost.jp,tstithehv,hI6)xjUs`Mc.,58138848,2,1
Beverly,Kenchington,Pyburn,bpyburnhw@parallels.com,bpyburnhw,bC4?lOse0<oN,95729862,2,4
Clyde,Cruddas,Darey,cdareyhx@reddit.com,cdareyhx,cM8|v%V@),89272661,2,3
Annadiane,Plowman,Salliere,asallierehy@t-online.de,asallierehy,jL3>EIHv<,47938077,1,1
Bernarr,Ibbison,Kibbel,bkibbelhz@cpanel.net,bkibbelhz,cP8\slU1,22052322,1,2
Barnaby,Jorczyk,Webben,bwebbeni0@house.gov,bwebbeni0,nG8>|YUsT4owHX0,28576817,1,4
Collette,Martinello,Crotch,ccrotchi1@opensource.org,ccrotchi1,rJ2.|zP|W?,49745935,1,3
Fidela,Elkington,Theodoris,ftheodorisi2@google.ru,ftheodorisi2,sF8|8)xt@%b5W@~,20094776,1,1
Beilul,St Clair,Spridgen,bspridgeni3@fda.gov,bspridgeni3,rG0@Xr4lATe,41658027,2,2
Dorine,Beilby,Spriddle,dspriddlei4@de.vu,dspriddlei4,cO5.1{{$Izl)3?,44872999,2,2
Lanny,Craigg,Roth,lrothi5@huffingtonpost.com,lrothi5,mJ8\|_|G,23131720,2,2
Randolf,Corradeschi,Telford,rtelfordi6@dmoz.org,rtelfordi6,hD4#+?i106,64543787,3,2
Laurens,Spridgeon,Bourley,lbourleyi7@angelfire.com,lbourleyi7,rG9.TjzN~_fZ$|<,96767471,3,3
Karilynn,Berndsen,Gerant,kgeranti8@nhs.uk,kgeranti8,kH9@?LI@1,33503392,1,4
Roxine,Longley,Blowing,rblowingi9@uiuc.edu,rblowingi9,qZ7(@{X(i@6H{q,95115766,1,2
Gerald,Rosedale,Albion,galbionia@cocolog-nifty.com,galbionia,vA9|b%A|,12693209,2,2
Berta,Mintrim,Springle,bspringleib@arstechnica.com,bspringleib,pH1(5p6Oa,70555815,1,2
Chalmers,Satchell,Pickles,cpicklesic@unicef.org,cpicklesic,lT7&x=.fqls<s\/,77338031,3,1
Lauren,Carney,Benam,lbenamid@cafepress.com,lbenamid,uF2!/qQb?<R+eLj,91821586,3,3
Belita,Mott,Lister,blisterie@google.co.uk,blisterie,wK6.f88..HN}C,15300709,1,3
Cacilia,Mockler,Bartolomieu,cbartolomieuif@joomla.org,cbartolomieuif,gN7|}#pcfrt6sdI,67930280,3,2
Lesly,Cattemull,Bigglestone,lbigglestoneig@cdbaby.com,lbigglestoneig,nA9/!?+wCW/`7p0,68485248,1,1
Irma,Krikorian,Hamley,ihamleyih@sfgate.com,ihamleyih,cU9?<Fq),25951949,1,4
Candi,Seymark,Sybe,csybeii@earthlink.net,csybeii,hY8/1Z}H>,20035499,1,2
Jonathon,Bestman,Fairlamb,jfairlambij@51.la,jfairlambij,dY1_\>{5?{Zb(yP,27968184,2,4
Dore,Gotcliffe,Simkins,dsimkinsik@meetup.com,dsimkinsik,xI9%t1MN7.,68783965,1,3
Land,Norsworthy,Lowell,llowellil@go.com,llowellil,uW9>FhjxSVm`DM,26220407,3,3
Alasdair,Bolger,Tranckle,atranckleim@jiathis.com,atranckleim,oB8{CbDYgM,61680256,3,1
Hephzibah,Baggalley,Sabine,hsabinein@netscape.com,hsabinein,zQ2=?E4I>D.$,20397359,1,3
Terrill,Euler,Linnard,tlinnardio@wunderground.com,tlinnardio,wQ8//My2%,93053527,2,1
Travus,Sherwyn,Thorwarth,tthorwarthip@webnode.com,tthorwarthip,wB1*q9)26zUkMJE,84688181,2,2
Adamo,Whitesel,Naul,anauliq@mysql.com,anauliq,cD2*@s0jp,65502390,1,3
Tricia,Hallifax,Clink,tclinkir@unicef.org,tclinkir,qV8%fh!0k?0d_f,47701980,2,4
Emilee,Carde,Royal,eroyalis@adobe.com,eroyalis,nL6.*4APJ_z7u{=,82650519,2,2
Inness,Harrigan,Mewett,imewettit@apache.org,imewettit,yJ4#0v3!WA@,13675669,1,2
Annis,Wellings,Swinney,aswinneyiu@sina.com.cn,aswinneyiu,sI2_AAX+U?I|5L9,59190620,2,4
Kessia,MacKartan,Durtnel,kdurtneliv@google.it,kdurtneliv,aR9(Br#7hdk?ew1,30652909,3,1
Shurwood,Swayland,Thew,sthewiw@i2i.jp,sthewiw,hX5`&\NV`TD,31788572,2,2
Skipp,Casina,Spratt,ssprattix@yellowbook.com,ssprattix,bY6.GCjL7,32404890,3,1
Sylvia,Ovens,McPhilip,smcphilipiy@hc360.com,smcphilipiy,eL9?0yDR,53377534,3,2
Mischa,Atley,Syvret,msyvretiz@surveymonkey.com,msyvretiz,qN5*tCZ|)K,15300201,1,1
Whitman,Swaysland,Citrine,wcitrinej0@dailymail.co.uk,wcitrinej0,aL7~J!0n_E1,32122495,1,3
Ophelia,Mibourne,Yven,oyvenj1@zimbio.com,oyvenj1,zF8\Aw|`,90158126,3,1
Demetre,Petrolli,Cornock,dcornockj2@google.de,dcornockj2,nI8+o~ry/TBM,99393603,2,3
Jeffry,Rue,Aronow,jaronowj3@oaic.gov.au,jaronowj3,qG2&c>xg4c$J,22713983,3,2
Ingeborg,Leitch,St. Queintain,istqueintainj4@jugem.jp,istqueintainj4,qC7.On/Ud9ipTjz,28339423,2,4
Terri,Handrik,Trafford,ttraffordj5@seattletimes.com,ttraffordj5,sY4$5}<g=bJfF%,23428965,3,2
Myles,Dahler,Winders,mwindersj6@sourceforge.net,mwindersj6,jH4)nZL=E$,55014245,2,3
Lionello,Hansberry,Schutter,lschutterj7@woothemes.com,lschutterj7,nK5@5BAPA58uy,62073906,1,2
Cornela,Bedo,Crippen,ccrippenj8@mail.ru,ccrippenj8,mV5<0h1V%#,40899026,1,4
Shantee,Blind,Fibbens,sfibbensj9@blogspot.com,sfibbensj9,hD5=%~fv>yPvBL,22290322,2,2
Vinni,Madgett,Duiged,vduigedja@ted.com,vduigedja,uY3!|bIvnHa3qZO,78227869,3,3
Alissa,Oldacre,Von Der Empten,avonderemptenjb@blogtalkradio.com,avonderemptenjb,aN7?}_k@M1fk@\R,75061239,2,1
Lorin,McCunn,Brimham,lbrimhamjc@nytimes.com,lbrimhamjc,lN7*wn@yC_dT($p,21910626,3,4
Marten,Metzing,Quarterman,mquartermanjd@narod.ru,mquartermanjd,mC9.gcD*a=Fh@S,18459820,3,4
Lane,Hrynczyk,Toma,ltomaje@printfriendly.com,ltomaje,jA1#Z8Bc`ww,38211391,1,2
Townie,Goodfield,Ciccottini,tciccottinijf@google.com,tciccottinijf,vR6}V1gh@,90224159,2,4
Shelia,Goney,Bruno,sbrunojg@people.com.cn,sbrunojg,nZ4#)iJyBr,32131573,3,3
Ellynn,Pevsner,Collyear,ecollyearjh@illinois.edu,ecollyearjh,tV1@U_9@`&,19571467,3,4
Amandy,Satchell,Iskow,aiskowji@sbwire.com,aiskowji,rO8/8L>H.YVU<?<,25577179,3,3
Heddi,Aguirrezabal,Culmer,hculmerjj@boston.com,hculmerjj,nK0`#SuMku~D,81779826,3,2
Conchita,Solloway,Haster,chasterjk@omniture.com,chasterjk,yY7+_2ThHsb69,62557052,3,4
Kora,Richarson,David,kdavidjl@shop-pro.jp,kdavidjl,zJ8.yDer|dxY9,93144642,2,1
Melantha,Reddyhoff,Aslum,maslumjm@abc.net.au,maslumjm,vK1}Y0s&,90496247,3,2
Nikolos,Chellam,Eyden,neydenjn@ow.ly,neydenjn,lG6(a<e@>YpH(?j,49444892,3,4
Francisco,Barbera,Godly,fgodlyjo@webnode.com,fgodlyjo,gH5}@91%DR,32837681,3,2
Karil,Paris,Fissenden,kfissendenjp@icio.us,kfissendenjp,iX6@dmI.9j@j,76872016,2,4
Kevin,Ivanchenkov,Shannahan,kshannahanjq@webmd.com,kshannahanjq,aE8+_P#SH,79264705,1,3
Barrett,Stileman,Gaynes,bgaynesjr@dropbox.com,bgaynesjr,qI2@BTbvUpZ@ag,75269592,3,4
Kaleena,Sprigging,Weatherell,kweatherelljs@si.edu,kweatherelljs,jS7(<|z_Rs*!R,76070841,2,1
Cristina,Rulton,Treagus,ctreagusjt@drupal.org,ctreagusjt,hT1\>4Gg@99w,75315368,3,3
Moises,Zuker,Kelf,mkelfju@infoseek.co.jp,mkelfju,sQ8%ftpHP(x+w,63489158,1,4
Phoebe,Rothery,Hexam,phexamjv@japanpost.jp,phexamjv,uS4>!{F{,21831368,3,4
Jacob,Boggas,Cogman,jcogmanjw@noaa.gov,jcogmanjw,uK1.dJgnj(Bt(JB,73902999,1,4
Julissa,Aspell,Flaunders,jflaundersjx@networksolutions.com,jflaundersjx,rF3?9CZ>|31~9,82503800,2,3
Wilone,Macy,Waters,wwatersjy@cnbc.com,wwatersjy,zR2}aolX*oO*P,38407009,2,2
Bert,Gibling,Harpin,bharpinjz@huffingtonpost.com,bharpinjz,gH8)*rhOw$JyC/Z,34665018,1,4
Jori,Fritschmann,Stringer,jstringerk0@yale.edu,jstringerk0,jK5<|!L)9,65011816,2,4
Israel,Arnal,Buzine,ibuzinek1@tmall.com,ibuzinek1,hG9|0>(M3,58251682,3,3
Xenos,Broadstock,Liell,xliellk2@bandcamp.com,xliellk2,nZ3.)O@|S#,65873439,3,2
Pierce,Abba,McNickle,pmcnicklek3@home.pl,pmcnicklek3,dZ3@@{BedQ<d<a,47037329,1,4
Estel,Bier,Butt,ebuttk4@noaa.gov,ebuttk4,cZ3.%WB5G{%~C+u,51359102,1,2
Edythe,Newvill,Allgood,eallgoodk5@drupal.org,eallgoodk5,pJ9{(NYW,29848518,1,2
Therese,Frenzl,Wloch,twlochk6@yelp.com,twlochk6,iW5@)B9QPz,25336209,3,4
Trisha,Bispham,Frisel,tfriselk7@printfriendly.com,tfriselk7,uP8)LmV@M=e5B,59994050,2,2
Christy,Bote,Beldom,cbeldomk8@auda.org.au,cbeldomk8,lA6!rD)Mw|hG\,55491649,2,1
Sabine,Minihane,Mattityahou,smattityahouk9@fc2.com,smattityahouk9,gY5?mjjY()2,21529306,2,2
Judd,Haylor,Popov,jpopovka@lycos.com,jpopovka,tD1|y$)1zxU|Va,51315318,2,1
Franciska,Munks,Barbie,fbarbiekb@ezinearticles.com,fbarbiekb,zK9++{7&,86307038,2,4
Felic,Albasiny,Allbrook,fallbrookkc@jalbum.net,fallbrookkc,gA5?~1g7D~,51774149,3,4
Marianna,Hartill,Medlicott,mmedlicottkd@last.fm,mmedlicottkd,vF2.Q}xO>,79129823,3,3
Lynea,MacMechan,Calver,lcalverke@slideshare.net,lcalverke,jL9&{*bgROI$8,40096725,3,2
Lacee,Farrall,Mashal,lmashalkf@shutterfly.com,lmashalkf,iE0?m_LP9hlc,79614435,3,4
Devin,Dunkerton,Bozward,dbozwardkg@oracle.com,dbozwardkg,aB0@EoELsNW!,40399012,3,2
Jaimie,Armer,Frugier,jfrugierkh@mail.ru,jfrugierkh,lH5#f.>|oJNPV,34339316,3,3
Shell,Parkyn,Twentyman,stwentymanki@simplemachines.org,stwentymanki,tJ3`QU+.d!h,76497709,1,3
Ebenezer,Brownhall,Ebertz,eebertzkj@blogs.com,eebertzkj,hZ9)3LOTVKU\L~o,64611407,3,2
Tedman,Muress,Manuello,tmanuellokk@aboutads.info,tmanuellokk,jR5?Mb2o,93490694,3,2
Monah,Wernham,Rabson,mrabsonkl@nih.gov,mrabsonkl,jK1{hA(8%l,68868849,2,1
Geri,Mowlam,MacArte,gmacartekm@hibu.com,gmacartekm,cO8{!k59iK@Du?R,83511537,1,4
Winnie,Prestwich,Caughte,wcaughtekn@prlog.org,wcaughtekn,aR5)y33(,50446588,1,4
Lin,Janik,Gooke,lgookeko@ezinearticles.com,lgookeko,hP0%%uqr),87467607,1,4
Catherina,Butt,Conyard,cconyardkp@unc.edu,cconyardkp,vT5$@ZIKk,78261193,3,4
Mag,Sagg,Gibbie,mgibbiekq@umn.edu,mgibbiekq,xB6%o$MM*Eu,96148749,2,1
Kelwin,Watton,Ingamells,kingamellskr@creativecommons.org,kingamellskr,wW5>t%{R$GFD,85378228,1,1
Fay,Duffitt,Myrie,fmyrieks@mozilla.com,fmyrieks,gP8*mJ!h\.s#,75861994,2,1
Hall,McRuvie,Mallen,hmallenkt@miibeian.gov.cn,hmallenkt,pU9#4.@q<,35056001,3,4
Jervis,Dunwoody,Cullabine,jcullabineku@google.fr,jcullabineku,xQ0+@5AM0P.e(Dg,86911687,2,1
Avictor,Klimowicz,Lestrange,alestrangekv@china.com.cn,alestrangekv,vX2@Dv%*zx/Gi(,85536703,2,1
Roanna,Caldaro,Shaddock,rshaddockkw@bloglines.com,rshaddockkw,hL8&GVdPIep,92154454,1,3
Olav,McAw,Godain,ogodainkx@apple.com,ogodainkx,uD5@sxrg=)4mbcs,41277928,1,3
Sebastien,Baldree,Feldharker,sfeldharkerky@cloudflare.com,sfeldharkerky,hK0.cj5W!OYCr,78179856,3,2
Emmalee,Andrzejczak,Estcot,eestcotkz@biblegateway.com,eestcotkz,yU0_#6@K,21078965,2,4
Arlen,Leaney,Brouard,abrouardl0@storify.com,abrouardl0,nI7%9dYS%R&UZt*,74788544,3,3
Vito,MacPhail,Laboune,vlabounel1@netscape.com,vlabounel1,pC9+IvT+&sk4_(Y,42754134,3,1
Adoree,Cheatle,Cotilard,acotilardl2@networkadvertising.org,acotilardl2,vE0!j}|+,72221996,2,4
Archy,Cronshaw,Jaspar,ajasparl3@usa.gov,ajasparl3,xM2`wB%ss(&)?p!,24801840,3,2
Cher,Dalziel,Abbatt,cabbattl4@drupal.org,cabbattl4,wU6/O!>n6,13402907,3,2
Gaston,Blundon,Bocken,gbockenl5@icio.us,gbockenl5,uB1<onSDA,48875269,3,4
Georgia,Tolliday,Tolworth,gtolworthl6@infoseek.co.jp,gtolworthl6,dB0_BwlB7Vy,85797337,1,2
Barbra,Conaghy,Blackley,bblackleyl7@nasa.gov,bblackleyl7,xO9>QLj|/1YA5`z,87930166,3,1
Rosalinda,Gewer,Paur,rpaurl8@diigo.com,rpaurl8,eJ5|z&NgT,21321092,3,2
Frieda,Dahlbom,Topliss,ftoplissl9@businessinsider.com,ftoplissl9,mV1|e|=z+EI1,87788439,2,4
Lotti,Randal,Praten,lpratenla@csmonitor.com,lpratenla,jF4>u{?yyM,36287827,3,3
Donelle,Mawer,Twell,dtwelllb@jiathis.com,dtwelllb,nU6(9FIS,12964545,2,3
Rogerio,Willmont,Matchell,rmatchelllc@wp.com,rmatchelllc,jM4<x@h+E,52782623,3,2
Ware,Toal,MacGahey,wmacgaheyld@tamu.edu,wmacgaheyld,rK6_Q&KLeNY0_V9,39212511,2,4
Merlina,Chidley,Taphouse,mtaphousele@cloudflare.com,mtaphousele,rI6&/$`!C%4,64432968,3,3
Rourke,Lycett,Speer,rspeerlf@weebly.com,rspeerlf,uL4#|=kwSv$WKMw,90428451,2,4
Dacia,Piccop,O@Corren,docorrenlg@cmu.edu,docorrenlg,aA8&.G(/{,62429900,2,2
Codie,Beedell,Colley,ccolleylh@deliciousdays.com,ccolleylh,lK5>|mBm|?PEu|,91580197,1,2
Keith,Boother,Playford,kplayfordli@sogou.com,kplayfordli,yP8/X!56|,81474283,2,3
Harman,Wickham,Wattam,hwattamlj@google.cn,hwattamlj,sP8_fvFR>{|>5#N,88067351,3,1
Randie,Kroll,Barry,rbarrylk@github.io,rbarrylk,iH1(>LuBUo77/,11245854,2,4
Diandra,Billingsley,Basilone,dbasilonell@dagondesign.com,dbasilonell,kD9_G+FV(j%2,91699692,1,3
Nicko,Phlippi,Dullaghan,ndullaghanlm@woothemes.com,ndullaghanlm,sM1(&7pg,11665534,1,4
Joaquin,Jacobbe,Luchetti,jluchettiln@flavors.me,jluchettiln,oT5+9@lR+gqxj%y,20331662,1,1
Bendick,Bowra,Kehir,bkehirlo@photobucket.com,bkehirlo,pP0/$+drI\2zu0F,38012219,3,3
Berkley,McRonald,Risebrow,brisebrowlp@parallels.com,brisebrowlp,vM7%I~QoA(wpjp=,26632688,1,3
Catriona,Glasebrook,Kraut,ckrautlq@slashdot.org,ckrautlq,kN6.ytW6*u3L&|l,50103332,3,3
Tomas,Freebury,Maciejak,tmaciejaklr@indiegogo.com,tmaciejaklr,pX1>GcWXUN<jp=,74078057,1,2
Page,Calken,Mose,pmosels@seesaa.net,pmosels,vW9`N?D*,55616063,1,1
Adrian,Dornan,Sickamore,asickamorelt@jimdo.com,asickamorelt,eM7!JS9tWvE8Ug,21779303,1,1
Em,Earey,Offa,eoffalu@theatlantic.com,eoffalu,gJ3%15Hv,72929504,2,4
Karoline,Gebb,Madeley,kmadeleylv@bandcamp.com,kmadeleylv,bU7(Wl$93,80704906,3,2
Elna,Lomasna,Frame,eframelw@geocities.com,eframelw,zA8|<4l*BAzn)|v,35743039,3,1
Robin,Tyrone,Dalgetty,rdalgettylx@ucoz.ru,rdalgettylx,qR6?sU#|x_,54896458,1,3
Constance,Mungan,Smithend,csmithendly@walmart.com,csmithendly,pI5{b?Q5.),46447759,2,1
Augustine,Clawsley,Coleyshaw,acoleyshawlz@foxnews.com,acoleyshawlz,dB4+P~m$4,22564585,2,3
Catarina,Bilyard,Biesterfeld,cbiesterfeldm0@msu.edu,cbiesterfeldm0,uO5#&s<4,93048727,3,2
Alleyn,Whitmarsh,MacLoughlin,amacloughlinm1@toplist.cz,amacloughlinm1,bH9|qeZucWK|,60212449,2,3
Emlynne,Phillimore,Spohr,espohrm2@google.co.jp,espohrm2,kE9!Z~XjO7J,37767779,1,2
Galina,Balsom,Buntin,gbuntinm3@canalblog.com,gbuntinm3,yI4@H\xM+}y,85169903,3,3
Doria,Bonde,Lohde,dlohdem4@deviantart.com,dlohdem4,qO1=>qkJM<ZXkK|,68889210,2,3
Ethan,Rodriguez,Balding,ebaldingm5@gravatar.com,ebaldingm5,sH9@t1~6,17269967,3,4
Alisander,Paling,Tyne,atynem6@narod.ru,atynem6,sT8)A#1d~%,97440324,2,1
Dee dee,MacPhee,McShirie,dmcshiriem7@shinystat.com,dmcshiriem7,fU7{9KDlNS,82461530,2,3
Marta,Rosenkrantz,Colloff,mcolloffm8@wired.com,mcolloffm8,dO2?*VWxz75?~,26128583,2,3
Kassia,Matskevich,Nolton,knoltonm9@wiley.com,knoltonm9,aL4`7{0_$n`d},72713668,1,3
Sashenka,Pinkney,Geldeard,sgeldeardma@netscape.com,sgeldeardma,rW8}wF%e,42636333,2,1
Clayton,Orchard,Voller,cvollermb@themeforest.net,cvollermb,fL6_4*ZS{ku@fSd,75733188,3,2
Honor,Pray,Haspineall,hhaspineallmc@goo.gl,hhaspineallmc,fK2?%%)dMHgqh,12865152,1,3
Gabbie,MacGillreich,Shawyers,gshawyersmd@lulu.com,gshawyersmd,xN4)TT<H{tER_a,80744306,3,1
Ronda,Gowthrop,Hoult,rhoultme@timesonline.co.uk,rhoultme,zC8?*6+W,60242605,3,4
Paten,Hamstead,Casseldine,pcasseldinemf@purevolume.com,pcasseldinemf,oA7\0~BI|P,91771221,3,4
Clerissa,Geddes,Hryskiewicz,chryskiewiczmg@blogs.com,chryskiewiczmg,rE3/@@7Jqf05jc,34906484,2,1
Sloan,Danniel,Gillingham,sgillinghammh@diigo.com,sgillinghammh,aL7)\>AyD=Ft,59137152,1,4
Loraine,Phythian,Pearsall,lpearsallmi@reverbnation.com,lpearsallmi,aB2@gI4!!1|v?lB,45274686,2,1
Tucker,Kubach,Kaesmans,tkaesmansmj@quantcast.com,tkaesmansmj,qK1|Gt*y,61922521,3,2
Colver,Seldon,Avard,cavardmk@last.fm,cavardmk,cO9\GAo/uJIx,24376462,2,2
Debee,Spurden,Yoakley,dyoakleyml@is.gd,dyoakleyml,zO0@FrYgq,63412724,1,4
Antonetta,Kemsley,Purple,apurplemm@yahoo.co.jp,apurplemm,jX9`M6@_=4,11744779,2,4
Abbie,Jasiak,Blake,ablakemn@bbc.co.uk,ablakemn,pV7_>V7t\wxr,43685411,3,1
Alanson,Biglin,Coppock.,acoppockmo@newyorker.com,acoppockmo,sQ0|l9y(CH=(s/,25740831,2,4
Frances,Daintier,Bennallck,fbennallckmp@joomla.org,fbennallckmp,fO8)Q}6qt?k,92107130,3,2
Kesley,Rizzardini,Grayshon,kgrayshonmq@redcross.org,kgrayshonmq,zL7`M$C/J`9,22304801,3,4
Bryana,Birden,Aisthorpe,baisthorpemr@nymag.com,baisthorpemr,bB2+#2IO4!&.9`/,23059863,3,3
Rosaleen,Peaple,Nockells,rnockellsms@yahoo.com,rnockellsms,mT2&hLUgw9@9vpe,64597076,3,3
Ruby,Rollason,Todeo,rtodeomt@hexun.com,rtodeomt,lV7@Ql(CD@&KW\,35318511,2,2
Doralynn,Davion,Davers,ddaversmu@about.me,ddaversmu,yV9&>?2e}Q,37753678,2,1
Martguerita,Tartt,Linzee,mlinzeemv@berkeley.edu,mlinzeemv,hW2$mk.bH!Pd,17839056,2,2
Lauree,Dupoy,Berkowitz,lberkowitzmw@hud.gov,lberkowitzmw,cT9%ogJf{?bs,54654108,1,2
Aloisia,Wandrach,Lannin,alanninmx@ustream.tv,alanninmx,yF5{USSg6xK,81558241,2,2
Remy,McEttigen,Brockley,rbrockleymy@tripadvisor.com,rbrockleymy,qN5|8I*9|J,53135009,2,1
Larry,Govey,Gerholz,lgerholzmz@plala.or.jp,lgerholzmz,qN7*w2G%\pe2x,51126136,2,3
Blondell,Huitson,Whelan,bwhelann0@oakley.com,bwhelann0,iT0(K(=D!mM@,99993810,1,4
Jourdain,Elloway,Moulton,jmoultonn1@auda.org.au,jmoultonn1,fR0!kAnmV9TvH,35705163,2,4
Norrie,Valenti,Cranny,ncrannyn2@sciencedirect.com,ncrannyn2,eM6@*g@8\1*,27321674,3,4
Ronald,Crunkhurn,Offer,roffern3@theglobeandmail.com,roffern3,bV4@EMH?0j.Fn,62034697,2,2
Frederik,Dupree,Hizir,fhizirn4@behance.net,fhizirn4,yD8(8GsTcXD.6,79477544,1,4
Mable,Simoncello,Galliver,mgallivern5@irs.gov,mgallivern5,zZ7}8hLn*y!,95045124,1,1
Aldo,Rhymes,Gaunt,agauntn6@washingtonpost.com,agauntn6,tY0!~TiB+Y)%\{,14191601,3,4
Xylia,Aubert,Rigate,xrigaten7@chronoengine.com,xrigaten7,fV7~d((@|h,53165632,3,4
Corrie,O@Clery,Lere,cleren8@noaa.gov,cleren8,wY7_WQ\E,43670644,1,3
Wilburt,Pionter,O@Donnelly,wodonnellyn9@google.es,wodonnellyn9,eZ1+T<Cuc*,45719942,2,3
Sawyere,Liquorish,Chastagnier,schastagnierna@zimbio.com,schastagnierna,lH1%mNf@,83380975,3,3
Katrinka,Bedford,Keyhoe,kkeyhoenb@ucoz.com,kkeyhoenb,zC0>clI~`}\,55464944,2,2
Arni,Hadgkiss,Firmin,afirminnc@army.mil,afirminnc,rX2@Kwqs,57012079,2,1
Janaye,Rapelli,Hurcombe,jhurcombend@google.com.br,jhurcombend,dH9+_$c2az|=0,48193842,3,3
Gawen,Hedditch,Assel,gasselne@uol.com.br,gasselne,vB2.6SwM%FwZsa{,77870345,3,3
Caesar,Solley,Melesk,cmelesknf@usgs.gov,cmelesknf,wR9~XcNnt`od?0a,34922056,1,2
Anderea,Boissieux,Hacquoil,ahacquoilng@etsy.com,ahacquoilng,mJ2~PbH?S,48785663,1,3
Janaye,Kolakovic,Gatcliff,jgatcliffnh@fotki.com,jgatcliffnh,lW8@T27D_&?},92190722,1,2
Maridel,Heyward,Braybrook,mbraybrookni@fc2.com,mbraybrookni,yU5/|Y(7O4,48982756,2,4
Andris,Odgers,Newvill,anewvillnj@g.co,anewvillnj,lW0\UtI!W.|1,75119869,1,3
Dare,Friese,Aughtie,daughtienk@addthis.com,daughtienk,gG0#eJ.SJ@O,53896147,2,3
Bettine,Gibbonson,Chesley,bchesleynl@blinklist.com,bchesleynl,sA8#~b#x,91271304,1,1
Denyse,Ouver,Ogger,doggernm@t.co,doggernm,hX3>@5K@bVRv/,52388106,2,3
Torry,Biggs,Nehl,tnehlnn@delicious.com,tnehlnn,jR8!H5fkB|{BKl,74935589,3,3
Blondy,Rannells,Bradnick,bbradnickno@pinterest.com,bbradnickno,bB6|BxMA{`0tjo,35145657,2,4
Casey,Vignaux,Tappington,ctappingtonnp@abc.net.au,ctappingtonnp,fO0}R2GMEOil,11103750,1,4
Filmer,Atty,Peetermann,fpeetermannnq@pinterest.com,fpeetermannnq,nR6%>$&L$b,90917591,3,1
Torre,Lamplough,Jefferson,tjeffersonnr@apple.com,tjeffersonnr,lQ4$5W(QV&.iEzL,76847426,1,4
Shirline,Wallbutton,Dikes,sdikesns@edublogs.org,sdikesns,uU7<Z@$/_R6A,48232039,1,4
Cecile,Daw,Goskar,cgoskarnt@ted.com,cgoskarnt,cV4(LpAnJDt4AVD,35318784,1,3
Case,Dhenin,Jermin,cjerminnu@google.ru,cjerminnu,rB6%bV0{Ha)H)<M,13278931,3,1
Wainwright,Mansell,Cushion,wcushionnv@epa.gov,wcushionnv,oA0?+=#gZM!8Y,47578763,2,4
Kaja,Budge,Callacher,kcallachernw@mit.edu,kcallachernw,eA9(uwwG+E?$%,18272263,3,1
Johnathon,Laugheran,Dahler,jdahlernx@alibaba.com,jdahlernx,zC9.C}>kDaf,13197724,3,2
Mile,Severns,Jennings,mjenningsny@discuz.net,mjenningsny,lH0@{XQwU|o$w,37332387,2,4
Daryl,Thomke,Gilchrist,dgilchristnz@mtv.com,dgilchristnz,hC3`jzYB)P.7p?2,10881229,1,3
Brocky,Vela,Cawsy,bcawsyo0@sfgate.com,bcawsyo0,lK6%W+Lho|iG?z),83060524,1,4
Sherm,Lattimer,Beachamp,sbeachampo1@google.co.uk,sbeachampo1,rT0=whH*}x,64265850,1,2
Tod,Tratton,Dillamore,tdillamoreo2@netlog.com,tdillamoreo2,gM3+s\A<M5,15304994,3,3
Jackqueline,Matskevich,Wroe,jwroeo3@domainmarket.com,jwroeo3,jD8?+i>xPKUl+1,32142940,1,2
Carmelita,Matherson,Waterstone,cwaterstoneo4@addtoany.com,cwaterstoneo4,jD8!4s&lgNI|D,50977593,1,2
Hershel,Claxson,Hallihan,hhallihano5@epa.gov,hhallihano5,oS2)2$qL08\/AzZ,73779792,2,4
Alfonse,Wyborn,Gowanlock,agowanlocko6@apache.org,agowanlocko6,bV0$?vR9Fn_h_,90953926,2,4
Vyky,Marquet,Mewburn,vmewburno7@com.com,vmewburno7,hQ1\oqIQSJq,37193236,1,3
Pauly,Downage,Lumbly,plumblyo8@etsy.com,plumblyo8,jD8|(zpV6@/2fi,39901216,2,4
Marley,Burdell,Breckon,mbreckono9@weibo.com,mbreckono9,mA8|sBmk<ot,71030034,3,2
Barry,Colgan,Linfield,blinfieldoa@php.net,blinfieldoa,hU1|GK?c__pI,97909102,2,3
Emanuel,De La Haye,Northcott,enorthcottob@gravatar.com,enorthcottob,lX0$g#PPlG,10969659,2,1
Glen,Winwood,Rusling,gruslingoc@imdb.com,gruslingoc,fA9|JH}+z@hO,99289214,1,3
Corinna,McRae,Rockey,crockeyod@ted.com,crockeyod,vA1@s9f@QTs,18238149,3,2
Anica,Duggon,Borley,aborleyoe@bloglines.com,aborleyoe,qX3?}O41.TZZpg,74641932,2,3
Arabelle,Bladesmith,Innis,ainnisof@prlog.org,ainnisof,yN5()*@58Epv,41980794,3,2
Bank,Dymock,Lambeth,blambethog@europa.eu,blambethog,lA2&H./~,13220431,1,4
Gusta,Cammiemile,Ribey,gribeyoh@homestead.com,gribeyoh,rY2_i3Pf1qw3\,76408062,2,3
Willetta,Sextie,Chat,wchatoi@vistaprint.com,wchatoi,wX6|hHNIY<$9Z|H,56641573,2,3
Raynard,Seater,Strettle,rstrettleoj@bluehost.com,rstrettleoj,eP6.zT03gR$3|mw,36496702,3,3
Augie,Beckinsale,Britner,abritnerok@friendfeed.com,abritnerok,gH9\yZZX,11799201,1,4
Even,Minty,Talman,etalmanol@furl.net,etalmanol,wZ8{*2.t/j,75827151,3,1
Casandra,Nussgen,Muckart,cmuckartom@yandex.ru,cmuckartom,pX2#9P!EO?.C>Ag,62435966,2,4
Vale,Leroy,Gameson,vgamesonon@photobucket.com,vgamesonon,sW6@e2=H?Imc(s,37232185,2,4
Lesli,Kempshall,Norman,lnormanoo@vimeo.com,lnormanoo,pU5!ovdN#,79158853,1,1
Cazzie,Casine,Kimmel,ckimmelop@oaic.gov.au,ckimmelop,tA6{biaUNl)z,73918513,1,1
Ashley,Sondland,Dumsday,adumsdayoq@ask.com,adumsdayoq,fG7|X5ky|%{m}V,71021779,3,2
Charil,Whatmough,Arcase,carcaseor@census.gov,carcaseor,tK9_)j4Nk1cEHy,61854834,1,2
Caron,Bartholomieu,Devine,cdevineos@behance.net,cdevineos,cE3!`4q3upB\XDI,60656318,3,1
Lydie,Woodburn,Straw,lstrawot@nature.com,lstrawot,rY3/nQ.|sBtVra,10147648,2,1
Tiphanie,Heddan,Letterick,tletterickou@dropbox.com,tletterickou,mK7+6Wmu,16591568,3,4
Jaye,Owens,Calveley,jcalveleyov@bbb.org,jcalveleyov,yS0!hn|L(BH8nrR,96779882,2,3
Brynn,Geraldez,Aizlewood,baizlewoodow@sourceforge.net,baizlewoodow,xR6?hniwS},96797012,1,1
Fidelity,Job,Nijssen,fnijssenox@zimbio.com,fnijssenox,pN2!A>9eux|D,77371307,1,2
Martie,Clibbery,Sharrier,msharrieroy@cornell.edu,msharrieroy,uU2|KJfXGy,57528939,1,2
Ashley,Rees,Neligan,aneliganoz@multiply.com,aneliganoz,wM3%UF!L@rwP,13284677,1,4
Dori,Thunnerclef,O@Leagham,doleaghamp0@samsung.com,doleaghamp0,kV1?gqz.YX,55870870,3,4
Clay,Gettone,Glanders,cglandersp1@angelfire.com,cglandersp1,pE0@8@>2,68432976,1,2
Meg,Dudson,Frawley,mfrawleyp2@nature.com,mfrawleyp2,iP2`U9G&@n,68129022,2,2
Farrel,Sarath,Noble,fnoblep3@state.gov,fnoblep3,rG1@q`$l,91150037,3,3
Hadlee,Pipping,Kiloh,hkilohp4@networksolutions.com,hkilohp4,gD1!/qg@q/(>,92418412,3,1
Taffy,Richardot,Rockhall,trockhallp5@google.de,trockhallp5,bK4~|lmv,52642133,1,3
Franky,Byfford,Huey,fhueyp6@accuweather.com,fhueyp6,bX7.9ui24J.W,34210251,2,3
Guillemette,Dionisio,Albury,galburyp7@washingtonpost.com,galburyp7,aW5}F?1m!EG@,53623109,3,3
Rebbecca,Forre,Billam,rbillamp8@sbwire.com,rbillamp8,tJ0}QO?e.Q)!%Y%,19745898,1,2
Marquita,Layton,Devany,mdevanyp9@is.gd,mdevanyp9,oJ0%PUSDW5.V%,82333651,2,2
Darryl,Elby,Osgerby,dosgerbypa@chron.com,dosgerbypa,hX7|/Z1XYI,65327471,3,4
Fenelia,Tembey,Lorryman,florrymanpb@scribd.com,florrymanpb,oK6&75N*B3R)gy?,44823465,3,3
Pandora,Ainley,Valance,pvalancepc@ftc.gov,pvalancepc,aR3!4Of/s9@HA,74781534,2,4
Rand,Jersh,Mifflin,rmifflinpd@cyberchimps.com,rmifflinpd,rL2|R6Dj5*H,77728111,2,3
Johnny,McMichell,Byart,jbyartpe@mac.com,jbyartpe,kI8?2514O#H?,61165290,1,1
Gray,Braxay,Rubes,grubespf@aol.com,grubespf,dA5@<(`V,95048512,1,4
Kaylil,Govan,Bean,kbeanpg@google.nl,kbeanpg,bS9_5~jKx>|7|,85223500,3,1
Karissa,Huntly,Madoc-Jones,kmadocjonesph@wsj.com,kmadocjonesph,qU5_D}|z#/Fj,44892832,1,3
Kelsey,Korbmaker,McJerrow,kmcjerrowpi@bloomberg.com,kmcjerrowpi,sX9<7)DyR,14122027,3,3
Vivyan,Kiledal,Shellard,vshellardpj@sphinn.com,vshellardpj,jX8{7c5tr{b!,12666935,3,3
Riane,Fendt,O@Kinedy,rokinedypk@google.com.br,rokinedypk,iV8&gt(L,52373851,2,4
Bill,Dabes,Yegoshin,byegoshinpl@blogger.com,byegoshinpl,yC3*|7ej>f,79572770,3,2
Brady,Haswall,Lineham,blinehampm@noaa.gov,blinehampm,bR5+F5VLu1fwS<=,47934874,1,2
Gaye,Pidduck,Norsworthy,gnorsworthypn@illinois.edu,gnorsworthypn,aG8?WC/J,32100468,1,4
Karie,Gillinghams,Schuh,kschuhpo@miitbeian.gov.cn,kschuhpo,wA3/v|CDNt_,46582592,3,1
Alberto,McClaurie,Stodhart,astodhartpp@nature.com,astodhartpp,uP9/<||_)H@8,36819848,1,1
Elka,Cantrell,Voysey,evoyseypq@nps.gov,evoyseypq,dQ8=Zp`An.,21634817,3,2
Hilton,Fanthom,Derr,hderrpr@economist.com,hderrpr,bN0{zV/ar|@hf,41033993,3,2
Lorri,Faldo,Rafter,lrafterps@digg.com,lrafterps,zY7&gd536tFn/Kb,49957074,3,1
Marcelo,Hebner,Weeden,mweedenpt@unesco.org,mweedenpt,sR8/iTZ/1cOqX,66494508,1,1
Lonnie,Fickling,Haws,lhawspu@amazon.com,lhawspu,sX6+R3o&>)@p,51964759,1,2
Xenos,Cogle,Collinson,xcollinsonpv@myspace.com,xcollinsonpv,qS7{Z/qJN#h@7x,76775595,2,3
Lianne,Fydo,Shimwall,lshimwallpw@themeforest.net,lshimwallpw,oB1<2.|@et8n,62765501,1,3
Silvano,Reyson,Beavors,sbeavorspx@mozilla.com,sbeavorspx,gC4(>jr|7E!tx,74968222,2,4
Sharron,Striker,Barense,sbarensepy@goo.ne.jp,sbarensepy,wS7/F$=&Iax,23868575,1,4
Mahalia,Hakes,Bytheway,mbythewaypz@addthis.com,mbythewaypz,aC3%7\lyl8,48957868,1,4
Jasmin,Collelton,Albinson,jalbinsonq0@blogs.com,jalbinsonq0,gA8.CVtwA`,10015506,1,3
Rois,Banck,Machel,rmachelq1@mayoclinic.com,rmachelq1,wF7/2/_}&PL`8.9,55524795,2,3
Devlen,Ninnotti,Ferrarini,dferrariniq2@usda.gov,dferrariniq2,wS9@&OWIAk,85631171,3,3
Elmer,Brennans,Kilcullen,ekilcullenq3@opensource.org,ekilcullenq3,iZ4)@cXUo85}u,31291026,2,1
Vivyanne,Garrood,Revans,vrevansq4@thetimes.co.uk,vrevansq4,cI3*?cm/o8|w,38490271,3,2
Elicia,Hutchins,Baigrie,ebaigrieq5@amazon.co.uk,ebaigrieq5,iX9>y2w9JFhO,19490728,2,4
Kristan,Maple,Matz,kmatzq6@europa.eu,kmatzq6,jA7\@|&*{*|Z}d?,10447176,3,4
Quincy,Naerup,Rohlfing,qrohlfingq7@geocities.jp,qrohlfingq7,kS7/m3B15X49,19953330,2,2
Eleni,Kennerley,Handlin,ehandlinq8@samsung.com,ehandlinq8,lH9<~p`t,80205713,1,3
Stanly,Fabbro,Phillipps,sphillippsq9@123-reg.co.uk,sphillippsq9,iV9>Q<??w(LR49.,48001833,1,3
Seline,Delucia,Starsmeare,sstarsmeareqa@youtube.com,sstarsmeareqa,eM8)afcxmh,96355399,2,2
Rhoda,Skipper,Maffei,rmaffeiqb@surveymonkey.com,rmaffeiqb,sA7`{wh5K,63609470,2,2
Shaine,Bullene,Roylance,sroylanceqc@sfgate.com,sroylanceqc,xC4}f31xf,39436564,3,2
Cesar,Vinson,Ilyukhov,cilyukhovqd@g.co,cilyukhovqd,cS3}j.|.7bjhx~5,58738319,3,4
Norah,Redsull,Cottem,ncottemqe@wunderground.com,ncottemqe,tX5|)P!T&pzcLM5,36260687,2,4
Giuseppe,Domm,Sarath,gsarathqf@msn.com,gsarathqf,dJ8@U6ee4UmFHI0,59327800,1,4
Wolfgang,Ewens,Gibke,wgibkeqg@mit.edu,wgibkeqg,lJ5.GZEz/,83185611,3,2
Benn,Ruse,Rayer,brayerqh@ow.ly,brayerqh,oG2{eSi9@yG<g.,20163206,3,1
Darla,Cammack,Akaster,dakasterqi@cnn.com,dakasterqi,vA1.o~$f2DTl,32794789,1,2
Adoree,Le Galle,Sauvage,asauvageqj@nbcnews.com,asauvageqj,qP9`|T_J{AjLh,86166230,2,2
Sumner,Coie,Showen,sshowenqk@who.int,sshowenqk,kR1+lNrBY8,27664791,2,2
Mohammed,Paulitschke,Slater,mslaterql@comcast.net,mslaterql,cS9}h4JmC,36355270,2,3
Mary,Stonbridge,McGenn,mmcgennqm@soup.io,mmcgennqm,oL2.+_*=.,31411591,2,3
Hewie,Faier,Geggus,hgeggusqn@dion.ne.jp,hgeggusqn,oK8%7$|Tk=|Dz,34031739,2,1
Rudolph,Callery,Dybell,rdybellqo@scribd.com,rdybellqo,xI6!#9cv,81149307,1,3
Alic,McPeck,Peppard,apeppardqp@tinyurl.com,apeppardqp,xX0/B3P8\,40847687,3,4
Darcy,Wheelton,Willson,dwillsonqq@sohu.com,dwillsonqq,yT9#vJL@p#Q(G>,96916685,1,4
Lazar,Cowie,Leyre,lleyreqr@ocn.ne.jp,lleyreqr,kK8&TJ@ZCmBJ.%2,22475511,2,2
Lion,Skeates,Feifer,lfeiferqs@usda.gov,lfeiferqs,oD4<C{<b,31603183,2,3
Rubie,Whitlaw,Simonard,rsimonardqt@about.com,rsimonardqt,kW1~7&jGSb`lp@,61068723,1,1
Miran,Berks,Guerra,mguerraqu@unc.edu,mguerraqu,kP7>3Ysj.ZN,17882959,1,1
Malinde,Patridge,Parmiter,mparmiterqv@nationalgeographic.com,mparmiterqv,bC7>vSM5{qd|XJe,97244251,3,3
Kissie,Dudbridge,Westwick,kwestwickqw@ehow.com,kwestwickqw,gQ6{J!M+|7y,89931558,2,3
Sandra,Benedtti,Cofax,scofaxqx@comcast.net,scofaxqx,iS2.7Ql7,17989724,1,4
Agatha,Cotsford,Pinsent,apinsentqy@themeforest.net,apinsentqy,cP6.$MRg,83710700,2,2
Jacklyn,Clint,Gowman,jgowmanqz@dot.gov,jgowmanqz,aS4!~9AQpSKc#\S,56723011,1,3
Halimeda,Beauchamp,Fairbeard,hfairbeardr0@reverbnation.com,hfairbeardr0,hJ2*@~|%i,89740244,3,4
Dal,Ashforth,Nise,dniser1@google.ca,dniser1,jX1`8|Pr,83466219,2,1
Cathee,Thoresbie,Laise,claiser2@mashable.com,claiser2,rS3<<Gd8k=HJ\L,99157716,2,1
Zabrina,Luggar,Abdee,zabdeer3@google.co.jp,zabdeer3,bN5/D\/1Zk*,21420419,3,1
Sadella,Grievson,Konzelmann,skonzelmannr4@theguardian.com,skonzelmannr4,kT6{3!<S6,13479489,3,2
Darius,Dyzart,Barsham,dbarshamr5@opensource.org,dbarshamr5,iN4{tH=Xx37ss%@,23523174,3,4
Cherilyn,Vaux,Annice,cannicer6@boston.com,cannicer6,hR7@x}jV,95013925,2,3
Fiorenze,Dey,Crewes,fcrewesr7@mashable.com,fcrewesr7,fW9@B$!EgvtS0@,99774720,2,1
Donn,Mansford,Stubbin,dstubbinr8@g.co,dstubbinr8,rS5|(eJM!,19782302,3,1
Ofelia,Ancliffe,Asel,oaselr9@amazon.co.jp,oaselr9,sS8&0xiD2$O0J,46478535,2,2
Dehlia,Fitzhenry,Connow,dconnowra@miibeian.gov.cn,dconnowra,gS1)ms+x,19080908,3,3
Emyle,Penton,Brecknell,ebrecknellrb@taobao.com,ebrecknellrb,wH1|`za\R|&j2,36416000,1,2
Cornie,Luckett,Mantripp,cmantripprc@webeden.co.uk,cmantripprc,sE4%4FN(PX7Dmx,24389709,1,2
Trixi,Staker,Fontell,tfontellrd@netlog.com,tfontellrd,qG2!A<z&o@y,39707308,2,1
Denys,Nursey,Dalglish,ddalglishre@rambler.ru,ddalglishre,xH4!BFOevc%,90085824,1,1
Larine,Stearn,Zannolli,lzannollirf@ca.gov,lzannollirf,eC6#`70x{#~{,32861740,2,2
Ivar,Stradling,Joscelyn,ijoscelynrg@diigo.com,ijoscelynrg,iC1&K=gTof)~P,94354640,2,3
Carver,Augustine,Duckinfield,cduckinfieldrh@list-manage.com,cduckinfieldrh,vV7|QWw<Oj7,33558840,2,2
Rossy,Tanguy,Smeal,rsmealri@dmoz.org,rsmealri,cG6`Olr>gUPkCW,95934601,1,2
Boyd,MacGaughie,Sangwine,bsangwinerj@furl.net,bsangwinerj,iQ0./`zOejL,81107867,3,2
Nevile,Upcraft,Wallett,nwallettrk@yale.edu,nwallettrk,iQ5{r/9z#.ksS,95401401,2,1
Clarita,Roston,Stiant,cstiantrl@ehow.com,cstiantrl,pZ6(EPT8)?kd,75723561,3,1
Courtney,Nickoll,Berth,cberthrm@java.com,cberthrm,mV5}mvwd8w|8,54341136,2,2
Lothaire,Hearle,Paulon,lpaulonrn@cafepress.com,lpaulonrn,dO2%oe>GB=,20772955,2,2
Dannie,Makepeace,Gillespey,dgillespeyro@auda.org.au,dgillespeyro,zO0}({Q\8c>gMDC,81734977,2,2
Garek,Domican,Fallowes,gfallowesrp@posterous.com,gfallowesrp,zK3(S!\vBI1.h,99166468,2,3
Lea,Hartwell,Beastall,lbeastallrq@youtube.com,lbeastallrq,lW8.k\3<2AQ6Mcw,15719289,1,2
Andrej,Lancaster,Red,aredrr@newsvine.com,aredrr,hM7+.V}73)!,74873349,3,2
